{"com.softwareag.eda.nerv.dead.letter.channel.uri":"@url:sag.install.area/common/nerv/dlc","com.softwareag.eda.nerv.in.memory.channel.size":"1000","com.softwareag.eda.nerv.security.file.location":"@path:sag.install.area/common/conf/event/routing/event-routing-security.xml","com.softwareag.eda.nerv.maximum.redelivery.attempts":"100","enabled":"true","com.softwareag.eda.nerv.cache.configuration.location":"@path:sag.install.area/common/conf/nerv/cache","com.softwareag.eda.nerv.default.jms.provider":"nsp://TL-AS142.tasp.tclidl.net:9000","com.softwareag.eda.nerv.jms.asynch.subscription":"false","com.softwareag.eda.nerv.jms.auto.generate.topics":"true","com.softwareag.eda.nerv.redelivery.delay.ms":"3000","com.softwareag.eda.nerv.eventtypestore.location":"@path:sag.install.area/common/EventTypeStore","com.softwareag.eda.nerv.configbundles.location":"@path:sag.install.area/common/nerv/bundles","com.softwareag.eda.nerv.guaranteed.delivery.level":"MAXIMUM_STRONG"}