{"Port":{"@primary":"false","@alias":"DefaultDiagnostic","Enabled":"true","Type":"DIAGNOSTIC","Number":"18399","Protocol":"HTTP","Backlog":"65534","KeepAliveTimeout":"20000","ThreadPool":{"@enabled":"true","Min":"1","Max":"5","ThreadPriority":"10"},"ExtendedProperties":{"Property":[{"@name":"package","$":"WmRoot"},{"@name":"suspended","$":"false"},{"@name":"delay","$":"0"}]},"IPAccess":{"@accessType":"USE_GLOBAL_DEFAULT"},"URLAccess":{"@accessType":"DENY_BY_DEFAULT","Allow":{"URL":["pub.cache.admin:clearAllCaches","pub.cache.admin:clearCache","pub.cache.admin:disableCache","pub.cache.admin:enableCache","pub.cache.admin:evictExpiredElements","pub.cache.admin:isCacheDisabled","pub.storage:listLocks","pub.storage:releaseLocks","wm.server.access.adminui:aclList","wm.server.access:aclAdd","wm.server.access:aclAssign","wm.server.access:aclChange","wm.server.access:aclDelete","wm.server.access:aclLoad","wm.server.access:aclSave","wm.server.access:aclUpdate","wm.server.access:addACLS","wm.server.access:addGroups","wm.server.access:addIdTokenClaim","wm.server.access:addProviderUsers","wm.server.access:addUserInfoClaim","wm.server.access:addUsers","wm.server.access:allUserList","wm.server.access:getAclGroupUsers","wm.server.access:getDefaultAccess","wm.server.access:getDisabledUserList","wm.server.access:getNodeNameListForAcl","wm.server.access:getProviderUserIdTokenClaims","wm.server.access:getProviderUserInfoClaims","wm.server.access:groupAdd","wm.server.access:groupChange","wm.server.access:groupDelete","wm.server.access:groupList","wm.server.access:groupUpdate","wm.server.access:isDigestAuthAllowedForUser","wm.server.access:isUserEnabled","wm.server.access:isUserExists","wm.server.access:providerUserList","wm.server.access:providersList","wm.server.access:removeACLs","wm.server.access:removeGroups","wm.server.access:removeIdTokenClaim","wm.server.access:removeProviderUsers","wm.server.access:removeUserInfoClaim","wm.server.access:removeUsers","wm.server.access:setDefaultAccess","wm.server.access:setMultipleUserDisabled","wm.server.access:setUserDisabled","wm.server.access:toggleDefaultAccess","wm.server.access:updateACLs","wm.server.access:updateUsersGroups","wm.server.access:userAdd","wm.server.access:userChange","wm.server.access:userDelete","wm.server.access:userList","wm.server.access:userUpdate","wm.server.admin:adminPage","wm.server.admin:cancelPendingShutdown","wm.server.admin:clearSSLCache","wm.server.admin:getDiagnosticData","wm.server.admin:getHelpTopicUrlMappings","wm.server.admin:getNodeInfo","wm.server.admin:getServerHost","wm.server.admin:getServerStatus","wm.server.admin:initHelpTopicURLMappings","wm.server.admin:killAllExceptYourSession","wm.server.admin:killSession","wm.server.admin:listPendingShutdown","wm.server.admin:quiesceServer","wm.server.admin:resumeServer","wm.server.admin:setAllLicenseSettings","wm.server.admin:setExtendedSettings","wm.server.admin:setExtendedSettingsVisible","wm.server.admin:setLicenseKeyFile","wm.server.admin:setNeedNewNodeInfo","wm.server.admin:setPasswordSettings","wm.server.admin:setSecurityAuditSettings","wm.server.admin:setSettings","wm.server.admin:setTriggerThrottleControlSettings","wm.server.admin:shutdown","wm.server.admin:updateExtendedSettings","wm.server.auditing:disableLogger","wm.server.auditing:enableLogger","wm.server.auditing:getAuditLoggerDetails","wm.server.auditing:getAuditLoggers","wm.server.auditing:getDestination","wm.server.auditing:setAuditLoggerDetails","wm.server.cache.adminui:resetCache","wm.server.cluster:setSettings","wm.server.deployer.spi.wsProviderV2_.services:ActivateCheckpoint","wm.server.deployer.spi.wsProviderV2_.services:ActivateDeployment","wm.server.deployer.spi.wsProviderV2_.services:Checkpoint","wm.server.deployer.spi.wsProviderV2_.services:DeleteAssets","wm.server.deployer.spi.wsProviderV2_.services:DeleteCheckpoint","wm.server.deployer.spi.wsProviderV2_.services:DeleteDeliveredArtifacts","wm.server.deployer.spi.wsProviderV2_.services:DeliverArtifacts","wm.server.deployer.spi.wsProviderV2_.services:ExecuteCommand","wm.server.deployer.spi.wsProviderV2_.services:GetAssetReferences","wm.server.deployer.spi.wsProviderV2_.services:ListAssets","wm.server.deployer.spi.wsProviderV2_.services:Ping","wm.server.deployer.spi.wsProviderV2_.services:VerifyAssets","wm.server.deployer.spi.wsProvider_.services:DeployObjects","wm.server.deployer.spi.wsProvider_.services:DeployObjectsWithACDL","wm.server.deployer.spi.wsProvider_.services:DeployObjectsWithVarsub","wm.server.deployer.spi.wsProvider_.services:GetConnectionInfo","wm.server.deployer.spi.wsProvider_.services:GetDependencies","wm.server.deployer.spi.wsProvider_.services:GetObjectVarSub","wm.server.deployer.spi.wsProvider_.services:GetObjects","wm.server.deployer.spi.wsProvider_.services:GetObjectsWithACDL","wm.server.deployer.spi.wsProvider_.services:ListObjects","wm.server.deployer.spi.wsProvider_.services:Ping","wm.server.deployer.spi.wsProvider_.services:VerifyObject","wm.server.deployer.spi:wsProvider","wm.server.deployer.spi:wsProviderV2","wm.server.dispatcher.adminui:clearDupeOrInDoubtDocsStat","wm.server.dispatcher.adminui:clearTriggerDupeOrInDoubtDocsStat","wm.server.dispatcher.adminui:deleteExpiredUUID","wm.server.dispatcher.adminui:deleteRejectedMessages","wm.server.dispatcher.adminui:getBrokerSettings","wm.server.dispatcher.adminui:getDocStoreSettings","wm.server.dispatcher.adminui:getDupeOrInDoubtDocsInfo","wm.server.dispatcher.adminui:getRejectedMessages","wm.server.dispatcher.adminui:isBrokerConfigured","wm.server.dispatcher.adminui:setBrokerSettings","wm.server.dispatcher.adminui:setDocStoreSettings","wm.server.ehcache.admin:addCache","wm.server.ehcache.admin:addCacheManager","wm.server.ehcache.admin:clearCache","wm.server.ehcache.admin:deleteCache","wm.server.ehcache.admin:deleteCacheManager","wm.server.ehcache.admin:disableCache","wm.server.ehcache.admin:enableCache","wm.server.ehcache.admin:getCache","wm.server.ehcache.admin:getCacheManager","wm.server.ehcache.admin:getCacheManagers","wm.server.ehcache.admin:getCaches","wm.server.ehcache.admin:getLicenseDetails","wm.server.ehcache.admin:isCacheDisabled","wm.server.ehcache.admin:reloadCacheManager","wm.server.ehcache.admin:shutdownCacheManager","wm.server.ehcache.admin:startCacheManager","wm.server.ehcache.admin:syncCacheConfigToTSA","wm.server.ehcache.admin:updateCache","wm.server.ehcache.admin:updateCacheManager","wm.server.globalvariables:addGlobalVariable","wm.server.globalvariables:editGlobalVariable","wm.server.globalvariables:getGlobalVariableValue","wm.server.globalvariables:listGlobalVariables","wm.server.globalvariables:removeGlobalVariable","wm.server.httpUrlAlias:addAlias","wm.server.httpUrlAlias:deleteAlias","wm.server.httpUrlAlias:getAlias","wm.server.httpUrlAlias:listAlias","wm.server.httpUrlAlias:updateAlias","wm.server.internalOutboundPasswords:getConfigData","wm.server.internalOutboundPasswords:getMasterPasswordProperties","wm.server.internalOutboundPasswords:listAdminHandles","wm.server.internalOutboundPasswords:listEncryptors","wm.server.internalOutboundPasswords:listHandles","wm.server.internalOutboundPasswords:listInternalHandles","wm.server.internalOutboundPasswords:rawMasterUpdate","wm.server.internalOutboundPasswords:resetAllPasswords","wm.server.internalOutboundPasswords:setMasterExpireInterval","wm.server.internalOutboundPasswords:updateMasterPassword","wm.server.internalOutboundPasswords:verifyMasterPassword","wm.server.internalOutboundPasswords:verifyRawMaster","wm.server.jdbcpool:addDriverAlias","wm.server.jdbcpool:addFunctionalAlias","wm.server.jdbcpool:addPoolAlias","wm.server.jdbcpool:clonePoolAlias","wm.server.jdbcpool:deleteDriverAlias","wm.server.jdbcpool:deleteFunctionalAlias","wm.server.jdbcpool:deletePoolAlias","wm.server.jdbcpool:generateFunctionalAlias","wm.server.jdbcpool:getAvailablePoolDefinitions","wm.server.jdbcpool:getDriverAlias","wm.server.jdbcpool:getDriverDefinitions","wm.server.jdbcpool:getFunctionalAlias","wm.server.jdbcpool:getFunctionalDefinitions","wm.server.jdbcpool:getPoolAlias","wm.server.jdbcpool:getPoolDefinitions","wm.server.jdbcpool:restart","wm.server.jdbcpool:testPool","wm.server.jdbcpool:testPoolAlias","wm.server.jdbcpool:updateDriverAlias","wm.server.jdbcpool:updateFunctionalAlias","wm.server.jdbcpool:updatePoolAlias","wm.server.jms","wm.server.jndi:deleteJNDIAliasData","wm.server.jndi:getCDSSettings","wm.server.jndi:getJNDIAliasTemplates","wm.server.jndi:getJNDIAliases","wm.server.jndi:getSettings","wm.server.jndi:searchGroups","wm.server.jndi:setCDSSettings","wm.server.jndi:setJNDIAliasData","wm.server.jndi:setSettings","wm.server.jndi:testJNDILookup","wm.server.ldap:addConfiguredServer","wm.server.ldap:createMappings","wm.server.ldap:deleteConfiguredServer","wm.server.ldap:editConfiguredServer","wm.server.ldap:findLDAPGroups","wm.server.ldap:getConfiguredServer","wm.server.ldap:getSettings","wm.server.ldap:updatePriority","wm.server.metadata","wm.server.mimetypes:initMimeTypes","wm.server.mimetypes:readMimeTypes","wm.server.mimetypes:writeMimeTypes","wm.server.net.ftp:init","wm.server.net.ftp:shutdown","wm.server.net.http:init","wm.server.net.http:shutdown","wm.server.net.listeners:ListenerAdmin","wm.server.net.listeners:addListener","wm.server.net.listeners:addSecurityProvider","wm.server.net.listeners:deleteListener","wm.server.net.listeners:disableListener","wm.server.net.listeners:enableListener","wm.server.net.listeners:getFactory","wm.server.net.listeners:getListener","wm.server.net.listeners:getServerType","wm.server.net.listeners:httpControls","wm.server.net.listeners:listAllFactories","wm.server.net.listeners:listFactories","wm.server.net.listeners:listKeyStoreTypes","wm.server.net.listeners:listListeners","wm.server.net.listeners:listSecurityProviders","wm.server.net.listeners:setPrimaryListener","wm.server.net.listeners:updateApiGatewayListener","wm.server.net.listeners:updateListener","wm.server.net:changeIPAccessType","wm.server.net:ipRuleAdd","wm.server.net:ipRuleDelete","wm.server.net:ipRuleList","wm.server.ns.adminui:getLockedNodesForAllUsers","wm.server.ns.adminui:getLockedNodesForUser","wm.server.ns.adminui:getNodeLockStatus","wm.server.ns.adminui:syncToNamespace","wm.server.ns.adminui:unLockMultipleNodes","wm.server.ns.adminui:unLockNode","wm.server.packages.adminui:packageActivate","wm.server.packages.adminui:packageDelete","wm.server.packages.adminui:packageInfo","wm.server.packages.adminui:packageReload","wm.server.packages:addDepend","wm.server.packages:compilePackage","wm.server.packages:delDepend","wm.server.packages:drawDependencyGraph","wm.server.packages:getISPkgAndServices","wm.server.packages:getPackageStatus","wm.server.packages:packageAddReplicationService","wm.server.packages:packageAddShutdownService","wm.server.packages:packageAddStartupService","wm.server.packages:packageDisable","wm.server.packages:packageEnable","wm.server.packages:packageInstall","wm.server.packages:packageList","wm.server.packages:packageListDeletable","wm.server.packages:packageListInactive","wm.server.packages:packageListInbound","wm.server.packages:packageListRecoverable","wm.server.packages:packageRecover","wm.server.packages:packageRemoveReplicationService","wm.server.packages:packageRemoveShutdownService","wm.server.packages:packageRemoveStartupService","wm.server.packages:packagesActivate","wm.server.portAccess:addNodes","wm.server.portAccess:deleteNode","wm.server.portAccess:getPort","wm.server.portAccess:portList","wm.server.portAccess:resetPort","wm.server.portAccess:setType","wm.server.ports:listListeners","wm.server.proxy:createProxyServerAlias","wm.server.proxy:deleteProxyServerAlias","wm.server.proxy:disableProxyServerAlias","wm.server.proxy:enableProxyServerAlias","wm.server.proxy:getDefaultFTPProxyAlias","wm.server.proxy:getDefaultHTTPProxyAlias","wm.server.proxy:getDefaultHTTPSProxyAlias","wm.server.proxy:getProxyServerAliases","wm.server.proxy:getProxyServerDetails","wm.server.proxy:getProxyServerList","wm.server.proxy:init","wm.server.proxy:isFTPDefaultConfigured","wm.server.proxy:isHTTPDefaultConfigured","wm.server.proxy:isHTTPSDefaultConfigured","wm.server.proxy:listProxyAliasNames","wm.server.query.adminui:getSystemAttributes","wm.server.query:getActiveLifecycleListenerList","wm.server.query:getAllServiceStats","wm.server.query:getAuditFieldsTest","wm.server.query:getCachedServiceStats","wm.server.query:getCalendar","wm.server.query:getClusterError","wm.server.query:getClusterInfo","wm.server.query:getClusterSettings","wm.server.query:getCurrentSession","wm.server.query:getCurrentUser","wm.server.query:getExtendedSettings","wm.server.query:getExtendedSettingsVisible","wm.server.query:getISInstanceProperties","wm.server.query:getLicenseDetails","wm.server.query:getLicenseInfo","wm.server.query:getLicenseSettings","wm.server.query:getLog","wm.server.query:getLogBuffer","wm.server.query:getPartialLog","wm.server.query:getPasswordSettings","wm.server.query:getReadOnlyConfigFiles","wm.server.query:getRepoSettings","wm.server.query:getResourceSettings","wm.server.query:getSecurityAuditSettings","wm.server.query:getSecurityProviders","wm.server.query:getServerInstanceName","wm.server.query:getServerLogSettings","wm.server.query:getServerPaths","wm.server.query:getServiceAuditRecords","wm.server.query:getServiceRecordCount","wm.server.query:getServiceStats","wm.server.query:getSessionList","wm.server.query:getSetting","wm.server.query:getSettings","wm.server.query:getSettings_generic","wm.server.query:getStats","wm.server.query:getSystemInfoAsIData","wm.server.query:getSystemInfoAsXML","wm.server.query:getTaskList","wm.server.query:getTerracottaLicenseInformation","wm.server.query:getThreadDump","wm.server.query:getThreadDumpForThread","wm.server.query:getThreadList","wm.server.query:getTriggerThrottleControlSettings","wm.server.query:interruptThread","wm.server.query:isBigMemoryLicensed","wm.server.query:isDistributedCacheLicensed","wm.server.query:isEnterpriseGatewayLicensed","wm.server.query:isFeatureLicensed","wm.server.query:isGuaranteedDeliveryLicensed","wm.server.query:isInstalledAsService","wm.server.query:isPubSubLicensed","wm.server.query:isRemoteInvokeLicensed","wm.server.query:isSafeMode","wm.server.query:killThread","wm.server.quiesce:getCurrentMode","wm.server.quiesce:getQuiescePort","wm.server.quiesce:isDisableQuiescePort","wm.server.quiesce:setActiveMode","wm.server.quiesce:setQuiesceMode","wm.server.quiesce:setQuiescePort","wm.server.remote:addServer","wm.server.remote:aliasExists","wm.server.remote:deleteServer","wm.server.remote:getAliasValues","wm.server.remote:getServerAliases","wm.server.remote:init","wm.server.remote:serverList","wm.server.remote:shutdown","wm.server.remote:testAlias","wm.server.replicator.adminui:packageSendZip","wm.server.replicator.adminui:queryPublisherForPackageInfo","wm.server.replicator.adminui:queryPublisherForPackages","wm.server.replicator.adminui:subscriberAdd","wm.server.replicator.adminui:subscriberCancel","wm.server.replicator.adminui:subscriberEdit","wm.server.replicator.adminui:subscriptionAdd","wm.server.replicator.adminui:subscriptionCancel","wm.server.replicator.adminui:subscriptionEdit","wm.server.replicator:archivePackage","wm.server.replicator:distributeViaSvcPull","wm.server.replicator:getDetailedReleasedList","wm.server.replicator:getDetailedSubscriptions","wm.server.replicator:getPublisherInfo","wm.server.replicator:getRefreshedSubscriptions","wm.server.replicator:getSubscriberValues","wm.server.replicator:getSubscriptionValues","wm.server.replicator:getSubscriptions","wm.server.replicator:packageBackup","wm.server.replicator:packageCreation","wm.server.replicator:packageFileList","wm.server.replicator:packageMakeZip","wm.server.replicator:packageRelease","wm.server.replicator:packageReleaseRegister","wm.server.replicator:packageUnRelease","wm.server.replicator:publishedList","wm.server.replicator:pullPackageByFtp","wm.server.replicator:pullPackageViaFtp","wm.server.replicator:pushPackageByFtp","wm.server.replicator:releasedList","wm.server.replicator:remoteSubscribedList","wm.server.replicator:subscribedList","wm.server.replicator:subscriberEdit","wm.server.replicator:subscriptionEdit","wm.server.replicator:unzip","wm.server.replicator:zip","wm.server.schedule:addTask","wm.server.schedule:addUserTask","wm.server.schedule:cancelUserTask","wm.server.schedule:cancelUserTaskByName","wm.server.schedule:convertIDataToString","wm.server.schedule:convertIntoNonPinnableTask","wm.server.schedule:createUserTask","wm.server.schedule:deleteDeleted","wm.server.schedule:dumpDatabase","wm.server.schedule:getCustomData","wm.server.schedule:getDefaultTimeZone","wm.server.schedule:getDefaultTimeZoneOffset","wm.server.schedule:getLogicalClusterNodeName","wm.server.schedule:getSchedulerInputAsString","wm.server.schedule:getSchedulerInputWithServiceInfo","wm.server.schedule:getSchedulerState","wm.server.schedule:getTargetNodeList","wm.server.schedule:getUserTask","wm.server.schedule:getUserTaskList","wm.server.schedule:getUserTaskOids","wm.server.schedule:init","wm.server.schedule:migrateTasksToJDBC","wm.server.schedule:pauseScheduler","wm.server.schedule:pinTaskOnNodes","wm.server.schedule:removePinnedNodesAgainstTask","wm.server.schedule:resumeScheduler","wm.server.schedule:serviceList","wm.server.schedule:shutdown","wm.server.schedule:startScheduler","wm.server.schedule:suspendUserTask","wm.server.schedule:switchClusterMode","wm.server.schedule:updateTask","wm.server.schedule:updateUserTask","wm.server.schedule:validateService","wm.server.schedule:wakeupUserTask","wm.server.security.KeyStoreUtil:addPrivateKeyEntry","wm.server.security.KeyStoreUtil:addTrustedCertificateEntry","wm.server.security.KeyStoreUtil:createKeyStore","wm.server.security.certificate:admin","wm.server.security.certificate:deleteMapping","wm.server.security.certificate:getCertificateInfo","wm.server.security.certificate:getDetailedInfo","wm.server.security.certificate:importCertificate","wm.server.security.certificate:listMappings","wm.server.security.certificate:updateMapping","wm.server.security.keystore.util:addPrivateKeyEntry","wm.server.security.keystore.util:addTrustedCertificateEntry","wm.server.security.keystore.util:createKeyStore","wm.server.security.keystore:createDefaultKeyStoreTrustStoreAliases","wm.server.security.keystore:createStore","wm.server.security.keystore:deleteStore","wm.server.security.keystore:getKeyStore","wm.server.security.keystore:listKeyAliases","wm.server.security.keystore:listKeyStoreAliases","wm.server.security.keystore:listKeyStoreTypes","wm.server.security.keystore:listKeyStores","wm.server.security.keystore:listKeyStoresAndConfiguredKeyAliases","wm.server.security.keystore:listTrustStoreAliases","wm.server.security.keystore:listTrustStores","wm.server.security.keystore:loadStore","wm.server.security.keystore:refreshStore","wm.server.security.openid:deleteIdProvider","wm.server.security.openid:getIdProvider","wm.server.security.openid:getIdProviderNames","wm.server.security.openid:getIdProviderNamesUI","wm.server.security.openid:getIdProviders","wm.server.security.openid:reloadProviders","wm.server.security.openid:setIdProvider","wm.server.security:getSettings","wm.server.security:setSettings","wm.server.services.adminui:loadTemplate","wm.server.services.adminui:saveTemplate","wm.server.services.adminui:serviceInfo","wm.server.services.adminui:serviceInfoSet","wm.server.services:serviceAdd","wm.server.services:serviceDelete","wm.server.sftpclient:createConnectionAlias","wm.server.sftpclient:createServerAlias","wm.server.sftpclient:createUserAlias","wm.server.sftpclient:deleteServerAlias","wm.server.sftpclient:getConnectionAlias","wm.server.sftpclient:getDefaultConfig","wm.server.sftpclient:getServerAliasInfo","wm.server.sftpclient:getServerHostKey","wm.server.sftpclient:getUserAlias","wm.server.sftpclient:listCompressionAlgorithms","wm.server.sftpclient:listKeyExchangeAlgorithms","wm.server.sftpclient:listServerAliases","wm.server.sftpclient:listUserAliases","wm.server.sftpclient:removeConnectionAlias","wm.server.sftpclient:removeUserAlias","wm.server.sftpclient:testConnection","wm.server.sftpclient:updateConnectionAlias","wm.server.sftpclient:updateServerAlias","wm.server.sftpclient:updateUserAlias","wm.server.triggers:compareClusterReport","wm.server.triggers:createTrigger","wm.server.triggers:deleteTrigger","wm.server.triggers:getClusterReport","wm.server.triggers:getProcessingStatus","wm.server.triggers:getProperties","wm.server.triggers:getResourceMonitorReport","wm.server.triggers:getRetrievalStatus","wm.server.triggers:getTriggerReport","wm.server.triggers:getTriggerStats","wm.server.triggers:monitorAuditSubsystemDB","wm.server.triggers:monitorHistoryDB","wm.server.triggers:refreshTriggerStats","wm.server.triggers:resourceMonitoringTask","wm.server.triggers:setProperties","wm.server.triggers:suspendTrigger","wm.server.tx:end","wm.server.tx:execute","wm.server.tx:init","wm.server.tx:resetOutbound","wm.server.tx:restart","wm.server.tx:sendTxErrorMail","wm.server.tx:shutdown","wm.server.tx:start","wm.server.ui:addMenu","wm.server.ui:addSolution","wm.server.ui:getMenuTabs","wm.server.ui:getMenus","wm.server.ui:isValidAdapterURL","wm.server.ui:mainMenu","wm.server.ui:removeMenu","wm.server.ui:removeSolution","wm.server.ws","wm.server.xarecovery:eraseTransaction","wm.server.xarecovery:getUnresolvedTXs","wm.server.xarecovery:getWriteRecoveryRecord","wm.server.xarecovery:getXARecoveryStoreSettings","wm.server.xarecovery:getXAResourceInfoForXid","wm.server.xarecovery:performActionsOnXAResources","wm.server.xarecovery:setWriteRecoveryRecord","wm.server.xarecovery:setXARecoveryStoreSettings","wm.server.xidl.adminui:getInterfacesPlus","wm.server.xidl.adminui:testService","wm.server:connect","wm.server:disconnect","wm.server:getClusterNodes","wm.server:getServerNodes","wm.server:getSessionID","wm.server:noop","wm.server:ping","wm.xslt.Admin:about","wm.xslt.Admin:getAvailableTransformerFactoryClasses","wm.xslt.Admin:getTransformerFactorySettings","wm.xslt.Admin:saveTransformerFactorySettings","wm.xslt.Admin:startup","wm.xslt.File:create"]}}}}