{"Messaging":{"@alias":"IS_UM_CONNECTION","Description":"system generated Universal Messaging connection alias","ClientPrefix":"J_jRQtEolDEurgAVIwwwADXaZQs_","ShareClientPrefix":"false","Enabled":"true","Provider":{"@type":"UM","URL":"nsp://localhost:18500","MaxRetryAttempts":"5","RetryInterval":"30000","Auth":{"@type":"none"}},"ExtendedProperties":{"Property":[{"@name":"useCSQ","$":"true"},{"@name":"csqDrainInOrder","$":"true"},{"@name":"enableRequestReply","$":"true"},{"@name":"csqSize","$":"-1"},{"@name":"um_followTheMasterForSubscribe","$":"true"},{"@name":"um_followTheMasterForPublish","$":"true"}]}}}