{"HTTPCookieSize":"14","ServerTime":"true","CacheJoinInfoKeys":"true","StampTime":"true","StampTimeUseHPTScale":"0","NanoDelayBase":"1000000","ExtendedMessageSelector":"true","EnableDNSLookups":"true","SupportOlderClients":"true","DisableExplicitGC":"false","StampDictionary":"true","StampHost":"true","SharedDurableFilterBound":"false","NHPScanTime":"5000","SendRealmSummaryStats":"false","ServerStateFlush":"500","StatusBroadcast":"5000","StampUser":"true","StatusUpdateTime":"9223372036854775807","OverrideEveryoneUser":"false","StampTimeUseHPT":"false","AllowRealmAdminFullAccess":"true","NHPTimeout":"120000"}