{"Port":{"@alias":"defaultHttps","Enabled":"true","Type":"STANDARD","Number":"18293","Protocol":"https","ThreadPool":{"@enabled":"false","Max":"10"},"SSL":{"ClientAuth":"NONE","KeystoreDefinition":{"Type":"JKS","Location":"F:\\SoftwareAG\\DOPS_REF_V990_01\\profiles\\SPM\\configuration\\security\\demo-keystore.jks","Password":""}},"ExtendedProperties":{"Property":[{"@name":"sslProtocol","$":"TLS"},{"@name":"enableLookups","$":"false"},{"@name":"maxSpareThreads","$":"1"},{"@name":"server","$":"SoftwareAG-Runtime"},{"@name":"disableUploadTimeout","$":"true"},{"@name":"description","$":"Default HTTPS Connector"},{"@name":"algorithm","$":"SunX509"},{"@name":"minSpareThreads","$":"0"},{"@name":"acceptCount","$":"100"},{"@name":"maxHttpHeaderSize","$":"8192"}]}}}