{"JMS":{"@alias":"PE_NONTRANSACTIONAL_ALIAS","Description":"system generated JMS connection alias","Enabled":"false","TransactionType":"NO_TRANSACTION","ClientId":"IS3004ac85_79fb_4a41_b428_be1e9f59aabb","Provider":{"@type":"JNDI","JNDIAlias":"DEFAULT_IS_JNDI_PROVIDER","JNDIConnectionFactoryName":"local_um"},"User":"","MaxRetryAttempts":"0","RetryInterval":"0","Caching":"DISABLED","ExtendedProperties":{"Property":[{"@name":"jndi_connectionFactoryUpdateType","$":"NONE"},{"@name":"jndi_connectionFactoryPollingInterval","$":"0"},{"@name":"jndi_enableFollowTheMaster","$":"true"},{"@name":"classLoader","$":"INTEGRATION_SERVER"},{"@name":"csqSize","$":"-1"},{"@name":"csqDrainInOrder","$":"true"},{"@name":"optTempQueueCreate","$":"true"},{"@name":"allowReplyToConsumer","$":"false"},{"@name":"manageDestinations","$":"true"},{"@name":"allowNewConnectionPerTrigger","$":"false"}]}}}