{
  "name" : "PROD_MSG_V103_UM_02",
  "level" : "NODE",
  "layer" : "MSG",
  "spmURL" : "http://sr05722.work.lantmannen.lan:8592/spm",
  "children" : [ {
    "name" : "NODE-FIXES",
    "level" : "COMPONENT",
    "children" : [ {
      "name" : "com.softwareag.fixinstall.feature.patch.feature.group",
      "level" : "INSTANCE"
    }, {
      "name" : "wMFix.CCShared",
      "level" : "INSTANCE"
    }, {
      "name" : "wMFix.NUMClient",
      "level" : "INSTANCE"
    }, {
      "name" : "wMFix.NUMClient.WIN",
      "level" : "INSTANCE"
    }, {
      "name" : "wMFix.NUMRealmServer",
      "level" : "INSTANCE"
    }, {
      "name" : "wMFix.NUMRepository.SharedBundles",
      "level" : "INSTANCE"
    }, {
      "name" : "wMFix.NUMspmBundles",
      "level" : "INSTANCE"
    }, {
      "name" : "wMFix.NUMTemplateApplications.WIN",
      "level" : "INSTANCE"
    }, {
      "name" : "wMFix.SCGCommon.IS",
      "level" : "INSTANCE"
    }, {
      "name" : "wMFix.SPM",
      "level" : "INSTANCE"
    }, {
      "name" : "wMFix.SUMApi",
      "level" : "INSTANCE"
    } ]
  }, {
    "name" : "NODE-PRODUCTS",
    "level" : "COMPONENT",
    "children" : [ {
      "name" : "ACDLDeployerSharedBundle",
      "level" : "INSTANCE"
    }, {
      "name" : "BrokerJMSShared",
      "level" : "INSTANCE"
    }, {
      "name" : "CMP",
      "level" : "INSTANCE"
    }, {
      "name" : "CMP_API",
      "level" : "INSTANCE"
    }, {
      "name" : "CustomInstall",
      "level" : "INSTANCE"
    }, {
      "name" : "integrationServerMigrationFrameworkLib",
      "level" : "INSTANCE"
    }, {
      "name" : "ISSharedBundles",
      "level" : "INSTANCE"
    }, {
      "name" : "jsw",
      "level" : "INSTANCE"
    }, {
      "name" : "LARSharedBundles",
      "level" : "INSTANCE"
    }, {
      "name" : "license",
      "level" : "INSTANCE"
    }, {
      "name" : "LICRepository",
      "level" : "INSTANCE"
    }, {
      "name" : "LICSharedLibsJava",
      "level" : "INSTANCE"
    }, {
      "name" : "LICUtil",
      "level" : "INSTANCE"
    }, {
      "name" : "log4j",
      "level" : "INSTANCE"
    }, {
      "name" : "MfcAll",
      "level" : "INSTANCE"
    }, {
      "name" : "NUMClient",
      "level" : "INSTANCE"
    }, {
      "name" : "NUMInstanceManager",
      "level" : "INSTANCE"
    }, {
      "name" : "NUMMigration",
      "level" : "INSTANCE"
    }, {
      "name" : "NUMRealmServer",
      "level" : "INSTANCE"
    }, {
      "name" : "NUMRepository",
      "level" : "INSTANCE"
    }, {
      "name" : "NUMspm",
      "level" : "INSTANCE"
    }, {
      "name" : "NUMTemplateApplications",
      "level" : "INSTANCE"
    }, {
      "name" : "OSGI",
      "level" : "INSTANCE"
    }, {
      "name" : "PIFSharedBundles",
      "level" : "INSTANCE"
    }, {
      "name" : "SCGCommon",
      "level" : "INSTANCE"
    }, {
      "name" : "sjp",
      "level" : "INSTANCE"
    }, {
      "name" : "SPM",
      "level" : "INSTANCE"
    }, {
      "name" : "SSX_TLS",
      "level" : "INSTANCE"
    }, {
      "name" : "SUM",
      "level" : "INSTANCE"
    }, {
      "name" : "TESOSGi",
      "level" : "INSTANCE"
    }, {
      "name" : "tppGf",
      "level" : "INSTANCE"
    }, {
      "name" : "tppSEC",
      "level" : "INSTANCE"
    }, {
      "name" : "TPS",
      "level" : "INSTANCE"
    }, {
      "name" : "WISSharedBundles",
      "level" : "INSTANCE"
    }, {
      "name" : "WISSharedLibs",
      "level" : "INSTANCE"
    } ]
  }, {
    "name" : "OSGI-SPM",
    "level" : "COMPONENT",
    "children" : [ {
      "name" : "COMMON-CONFIGURATION-TYPE-METADATA-com.softwareag.plm.spm.spm.impl.CommonJDBCConfigurationTypeMetadata.xml",
      "level" : "INSTANCE"
    }, {
      "name" : "COMMON-CONFIGURATION-TYPE-METADATA-com.softwareag.plm.spm.spm.impl.CommonJMSConfigurationTypeMetadata.xml",
      "level" : "INSTANCE"
    }, {
      "name" : "COMMON-CONFIGURATION-TYPE-METADATA-com.softwareag.plm.spm.spm.impl.CommonJNDIConfigurationTypeMetadata.xml",
      "level" : "INSTANCE"
    }, {
      "name" : "COMMON-CONFIGURATION-TYPE-METADATA-com.softwareag.plm.spm.spm.impl.CommonKeystoresConfigurationTypeMetadata.xml",
      "level" : "INSTANCE"
    }, {
      "name" : "COMMON-CONFIGURATION-TYPE-METADATA-com.softwareag.plm.spm.spm.impl.CommonLocalUsersConfigurationTypeMetadata.xml",
      "level" : "INSTANCE"
    }, {
      "name" : "COMMON-CONFIGURATION-TYPE-METADATA-com.softwareag.plm.spm.spm.impl.CommonMessagingConfigurationTypeMetadata.xml",
      "level" : "INSTANCE"
    }, {
      "name" : "COMMON-CONFIGURATION-TYPE-METADATA-com.softwareag.plm.spm.spm.impl.CommonPortsConfigurationTypeMetadata.xml",
      "level" : "INSTANCE"
    }, {
      "name" : "COMMON-CONFIGURATION-TYPE-METADATA-com.softwareag.plm.spm.spm.impl.CommonSMTPConfigurationTypeMetadata.xml",
      "level" : "INSTANCE"
    }, {
      "name" : "COMMON-CONFIGURATION-TYPE-METADATA-com.softwareag.plm.spm.spm.impl.CommonSysPropsConfigurationTypeMetadata.xml",
      "level" : "INSTANCE"
    }, {
      "name" : "COMMON-CONFIGURATION-TYPE-METADATA-com.softwareag.plm.spm.spm.impl.CommonTruststoresConfigurationTypeMetadata.xml",
      "level" : "INSTANCE"
    }, {
      "name" : "COMMON-CONFIGURATION-TYPE-METADATA-com.softwareag.plm.spm.spm.impl.CommonVarsConfigurationTypeMetadata.xml",
      "level" : "INSTANCE"
    }, {
      "name" : "COMMON-JAVASYSPROPS",
      "level" : "INSTANCE"
    }, {
      "name" : "COMMON-JSW",
      "level" : "INSTANCE"
    }, {
      "name" : "COMMON-JVM-OPTIONS",
      "level" : "INSTANCE"
    }, {
      "name" : "COMMON-LOCAL-USERS-Administrator",
      "level" : "INSTANCE"
    }, {
      "name" : "COMMON-LOG-log_config.xml",
      "level" : "INSTANCE"
    }, {
      "name" : "COMMON-MEMORY",
      "level" : "INSTANCE"
    }, {
      "name" : "COMMON-PORTS-defaultHttp",
      "level" : "INSTANCE"
    }, {
      "name" : "COMMON-PORTS-defaultHttps",
      "level" : "INSTANCE"
    }, {
      "name" : "COMMON-PORTS-defaultJmx",
      "level" : "INSTANCE"
    }, {
      "name" : "COMMON-PORTS-diagnostics",
      "level" : "INSTANCE"
    }, {
      "name" : "COMMON-PORTS-ssh",
      "level" : "INSTANCE"
    }, {
      "name" : "COMMON-SYSPROPS",
      "level" : "INSTANCE"
    }, {
      "name" : "SAG-INSTALL-DIR",
      "level" : "INSTANCE"
    } ]
  }, {
    "name" : "OSGI-SPM-ENGINE",
    "level" : "COMPONENT",
    "children" : [ {
      "name" : "com.softwareag.platform.management.common.inventory.InventoryService.pid",
      "level" : "INSTANCE"
    }, {
      "name" : "com.softwareag.platform.management.common.monitoring.BasicMonitoringService",
      "level" : "INSTANCE"
    }, {
      "name" : "COMMON-CONFIGURATION-TYPE-METADATA-com.softwareag.plm.spm.spm.impl.CommonJDBCConfigurationTypeMetadata.xml",
      "level" : "INSTANCE"
    }, {
      "name" : "COMMON-CONFIGURATION-TYPE-METADATA-com.softwareag.plm.spm.spm.impl.CommonJMSConfigurationTypeMetadata.xml",
      "level" : "INSTANCE"
    }, {
      "name" : "COMMON-CONFIGURATION-TYPE-METADATA-com.softwareag.plm.spm.spm.impl.CommonJNDIConfigurationTypeMetadata.xml",
      "level" : "INSTANCE"
    }, {
      "name" : "COMMON-CONFIGURATION-TYPE-METADATA-com.softwareag.plm.spm.spm.impl.CommonKeystoresConfigurationTypeMetadata.xml",
      "level" : "INSTANCE"
    }, {
      "name" : "COMMON-CONFIGURATION-TYPE-METADATA-com.softwareag.plm.spm.spm.impl.CommonLocalUsersConfigurationTypeMetadata.xml",
      "level" : "INSTANCE"
    }, {
      "name" : "COMMON-CONFIGURATION-TYPE-METADATA-com.softwareag.plm.spm.spm.impl.CommonMessagingConfigurationTypeMetadata.xml",
      "level" : "INSTANCE"
    }, {
      "name" : "COMMON-CONFIGURATION-TYPE-METADATA-com.softwareag.plm.spm.spm.impl.CommonPortsConfigurationTypeMetadata.xml",
      "level" : "INSTANCE"
    }, {
      "name" : "COMMON-CONFIGURATION-TYPE-METADATA-com.softwareag.plm.spm.spm.impl.CommonSMTPConfigurationTypeMetadata.xml",
      "level" : "INSTANCE"
    }, {
      "name" : "COMMON-CONFIGURATION-TYPE-METADATA-com.softwareag.plm.spm.spm.impl.CommonSysPropsConfigurationTypeMetadata.xml",
      "level" : "INSTANCE"
    }, {
      "name" : "COMMON-CONFIGURATION-TYPE-METADATA-com.softwareag.plm.spm.spm.impl.CommonTruststoresConfigurationTypeMetadata.xml",
      "level" : "INSTANCE"
    }, {
      "name" : "COMMON-CONFIGURATION-TYPE-METADATA-com.softwareag.plm.spm.spm.impl.CommonVarsConfigurationTypeMetadata.xml",
      "level" : "INSTANCE"
    }, {
      "name" : "COMMON-JAAS-jaas.config",
      "level" : "INSTANCE"
    }, {
      "name" : "COMMON-JAAS-REALMS-Default",
      "level" : "INSTANCE"
    }, {
      "name" : "COMMON-LOG-log_config.xml",
      "level" : "INSTANCE"
    }, {
      "name" : "REPOSITORY-sdc.softwareag.com-updates-prodRepo",
      "level" : "INSTANCE"
    }, {
      "name" : "REPOSITORY-SR05643-8092-fix-GATEWAY_MIRROR_V103_FIXES-repository",
      "level" : "INSTANCE"
    }, {
      "name" : "REPOSITORY-SR05643-8093-Gateway_Mirror2-repository",
      "level" : "INSTANCE"
    }, {
      "name" : "REPOSITORY-SR05643-8093-GATEWAY_MIRROR_V103_PRODUCT-repository",
      "level" : "INSTANCE"
    }, {
      "name" : "SIN-INTERNAL-GROUPS-groups.txt",
      "level" : "INSTANCE"
    }, {
      "name" : "SIN-INTERNAL-ROLES-roles.txt",
      "level" : "INSTANCE"
    }, {
      "name" : "SPM-NODEID",
      "level" : "INSTANCE"
    } ]
  }, {
    "name" : "Universal-Messaging-um_realm_internal",
    "level" : "COMPONENT",
    "children" : [ {
      "name" : "COMMON-CONFIGURATION-TYPE-METADATA-com.softwareag.platform.management.nirvana.configuration.JNDICFMetadataManager.xml",
      "level" : "INSTANCE"
    }, {
      "name" : "COMMON-CONFIGURATION-TYPE-METADATA-com.softwareag.platform.management.nirvana.configuration.JNDIDestMetadataManager.xml",
      "level" : "INSTANCE"
    }, {
      "name" : "COMMON-CONFIGURATION-TYPE-METADATA-com.softwareag.plm.spm.spm.impl.CommonJDBCConfigurationTypeMetadata.xml",
      "level" : "INSTANCE"
    }, {
      "name" : "COMMON-CONFIGURATION-TYPE-METADATA-com.softwareag.plm.spm.spm.impl.CommonJMSConfigurationTypeMetadata.xml",
      "level" : "INSTANCE"
    }, {
      "name" : "COMMON-CONFIGURATION-TYPE-METADATA-com.softwareag.plm.spm.spm.impl.CommonJNDIConfigurationTypeMetadata.xml",
      "level" : "INSTANCE"
    }, {
      "name" : "COMMON-CONFIGURATION-TYPE-METADATA-com.softwareag.plm.spm.spm.impl.CommonKeystoresConfigurationTypeMetadata.xml",
      "level" : "INSTANCE"
    }, {
      "name" : "COMMON-CONFIGURATION-TYPE-METADATA-com.softwareag.plm.spm.spm.impl.CommonLocalUsersConfigurationTypeMetadata.xml",
      "level" : "INSTANCE"
    }, {
      "name" : "COMMON-CONFIGURATION-TYPE-METADATA-com.softwareag.plm.spm.spm.impl.CommonMessagingConfigurationTypeMetadata.xml",
      "level" : "INSTANCE"
    }, {
      "name" : "COMMON-CONFIGURATION-TYPE-METADATA-com.softwareag.plm.spm.spm.impl.CommonPortsConfigurationTypeMetadata.xml",
      "level" : "INSTANCE"
    }, {
      "name" : "COMMON-CONFIGURATION-TYPE-METADATA-com.softwareag.plm.spm.spm.impl.CommonSMTPConfigurationTypeMetadata.xml",
      "level" : "INSTANCE"
    }, {
      "name" : "COMMON-CONFIGURATION-TYPE-METADATA-com.softwareag.plm.spm.spm.impl.CommonSysPropsConfigurationTypeMetadata.xml",
      "level" : "INSTANCE"
    }, {
      "name" : "COMMON-CONFIGURATION-TYPE-METADATA-com.softwareag.plm.spm.spm.impl.CommonTruststoresConfigurationTypeMetadata.xml",
      "level" : "INSTANCE"
    }, {
      "name" : "COMMON-CONFIGURATION-TYPE-METADATA-com.softwareag.plm.spm.spm.impl.CommonVarsConfigurationTypeMetadata.xml",
      "level" : "INSTANCE"
    }, {
      "name" : "COMMON-JAVASYSPROPS",
      "level" : "INSTANCE"
    }, {
      "name" : "COMMON-JVM-OPTIONS",
      "level" : "INSTANCE"
    }, {
      "name" : "COMMON-LICENSE-Universal-Messaging",
      "level" : "INSTANCE"
    }, {
      "name" : "COMMON-LICLOC-Universal-Messaging",
      "level" : "INSTANCE"
    }, {
      "name" : "COMMON-LOCAL-USERS-Administrator",
      "level" : "INSTANCE"
    }, {
      "name" : "COMMON-MEMORY",
      "level" : "INSTANCE"
    } ]
  }, {
    "name" : "Universal-Messaging-um_realm_jms",
    "level" : "COMPONENT",
    "children" : [ {
      "name" : "COMMON-CONFIGURATION-TYPE-METADATA-com.softwareag.platform.management.nirvana.configuration.JNDICFMetadataManager.xml",
      "level" : "INSTANCE"
    }, {
      "name" : "COMMON-CONFIGURATION-TYPE-METADATA-com.softwareag.platform.management.nirvana.configuration.JNDIDestMetadataManager.xml",
      "level" : "INSTANCE"
    }, {
      "name" : "COMMON-CONFIGURATION-TYPE-METADATA-com.softwareag.plm.spm.spm.impl.CommonJDBCConfigurationTypeMetadata.xml",
      "level" : "INSTANCE"
    }, {
      "name" : "COMMON-CONFIGURATION-TYPE-METADATA-com.softwareag.plm.spm.spm.impl.CommonJMSConfigurationTypeMetadata.xml",
      "level" : "INSTANCE"
    }, {
      "name" : "COMMON-CONFIGURATION-TYPE-METADATA-com.softwareag.plm.spm.spm.impl.CommonJNDIConfigurationTypeMetadata.xml",
      "level" : "INSTANCE"
    }, {
      "name" : "COMMON-CONFIGURATION-TYPE-METADATA-com.softwareag.plm.spm.spm.impl.CommonKeystoresConfigurationTypeMetadata.xml",
      "level" : "INSTANCE"
    }, {
      "name" : "COMMON-CONFIGURATION-TYPE-METADATA-com.softwareag.plm.spm.spm.impl.CommonLocalUsersConfigurationTypeMetadata.xml",
      "level" : "INSTANCE"
    }, {
      "name" : "COMMON-CONFIGURATION-TYPE-METADATA-com.softwareag.plm.spm.spm.impl.CommonMessagingConfigurationTypeMetadata.xml",
      "level" : "INSTANCE"
    }, {
      "name" : "COMMON-CONFIGURATION-TYPE-METADATA-com.softwareag.plm.spm.spm.impl.CommonPortsConfigurationTypeMetadata.xml",
      "level" : "INSTANCE"
    }, {
      "name" : "COMMON-CONFIGURATION-TYPE-METADATA-com.softwareag.plm.spm.spm.impl.CommonSMTPConfigurationTypeMetadata.xml",
      "level" : "INSTANCE"
    }, {
      "name" : "COMMON-CONFIGURATION-TYPE-METADATA-com.softwareag.plm.spm.spm.impl.CommonSysPropsConfigurationTypeMetadata.xml",
      "level" : "INSTANCE"
    }, {
      "name" : "COMMON-CONFIGURATION-TYPE-METADATA-com.softwareag.plm.spm.spm.impl.CommonTruststoresConfigurationTypeMetadata.xml",
      "level" : "INSTANCE"
    }, {
      "name" : "COMMON-CONFIGURATION-TYPE-METADATA-com.softwareag.plm.spm.spm.impl.CommonVarsConfigurationTypeMetadata.xml",
      "level" : "INSTANCE"
    }, {
      "name" : "COMMON-JAVASYSPROPS",
      "level" : "INSTANCE"
    }, {
      "name" : "COMMON-JVM-OPTIONS",
      "level" : "INSTANCE"
    }, {
      "name" : "COMMON-LICENSE-Universal-Messaging",
      "level" : "INSTANCE"
    }, {
      "name" : "COMMON-LICLOC-Universal-Messaging",
      "level" : "INSTANCE"
    }, {
      "name" : "COMMON-LOCAL-USERS-Administrator",
      "level" : "INSTANCE"
    }, {
      "name" : "COMMON-MEMORY",
      "level" : "INSTANCE"
    } ]
  }, {
    "name" : "Universal-Messaging-um_realm_optimize",
    "level" : "COMPONENT",
    "children" : [ {
      "name" : "COMMON-CONFIGURATION-TYPE-METADATA-com.softwareag.platform.management.nirvana.configuration.JNDICFMetadataManager.xml",
      "level" : "INSTANCE"
    }, {
      "name" : "COMMON-CONFIGURATION-TYPE-METADATA-com.softwareag.platform.management.nirvana.configuration.JNDIDestMetadataManager.xml",
      "level" : "INSTANCE"
    }, {
      "name" : "COMMON-CONFIGURATION-TYPE-METADATA-com.softwareag.plm.spm.spm.impl.CommonJDBCConfigurationTypeMetadata.xml",
      "level" : "INSTANCE"
    }, {
      "name" : "COMMON-CONFIGURATION-TYPE-METADATA-com.softwareag.plm.spm.spm.impl.CommonJMSConfigurationTypeMetadata.xml",
      "level" : "INSTANCE"
    }, {
      "name" : "COMMON-CONFIGURATION-TYPE-METADATA-com.softwareag.plm.spm.spm.impl.CommonJNDIConfigurationTypeMetadata.xml",
      "level" : "INSTANCE"
    }, {
      "name" : "COMMON-CONFIGURATION-TYPE-METADATA-com.softwareag.plm.spm.spm.impl.CommonKeystoresConfigurationTypeMetadata.xml",
      "level" : "INSTANCE"
    }, {
      "name" : "COMMON-CONFIGURATION-TYPE-METADATA-com.softwareag.plm.spm.spm.impl.CommonLocalUsersConfigurationTypeMetadata.xml",
      "level" : "INSTANCE"
    }, {
      "name" : "COMMON-CONFIGURATION-TYPE-METADATA-com.softwareag.plm.spm.spm.impl.CommonMessagingConfigurationTypeMetadata.xml",
      "level" : "INSTANCE"
    }, {
      "name" : "COMMON-CONFIGURATION-TYPE-METADATA-com.softwareag.plm.spm.spm.impl.CommonPortsConfigurationTypeMetadata.xml",
      "level" : "INSTANCE"
    }, {
      "name" : "COMMON-CONFIGURATION-TYPE-METADATA-com.softwareag.plm.spm.spm.impl.CommonSMTPConfigurationTypeMetadata.xml",
      "level" : "INSTANCE"
    }, {
      "name" : "COMMON-CONFIGURATION-TYPE-METADATA-com.softwareag.plm.spm.spm.impl.CommonSysPropsConfigurationTypeMetadata.xml",
      "level" : "INSTANCE"
    }, {
      "name" : "COMMON-CONFIGURATION-TYPE-METADATA-com.softwareag.plm.spm.spm.impl.CommonTruststoresConfigurationTypeMetadata.xml",
      "level" : "INSTANCE"
    }, {
      "name" : "COMMON-CONFIGURATION-TYPE-METADATA-com.softwareag.plm.spm.spm.impl.CommonVarsConfigurationTypeMetadata.xml",
      "level" : "INSTANCE"
    }, {
      "name" : "COMMON-JAVASYSPROPS",
      "level" : "INSTANCE"
    }, {
      "name" : "COMMON-JVM-OPTIONS",
      "level" : "INSTANCE"
    }, {
      "name" : "COMMON-LICENSE-Universal-Messaging",
      "level" : "INSTANCE"
    }, {
      "name" : "COMMON-LICLOC-Universal-Messaging",
      "level" : "INSTANCE"
    }, {
      "name" : "COMMON-LOCAL-USERS-Administrator",
      "level" : "INSTANCE"
    }, {
      "name" : "COMMON-MEMORY",
      "level" : "INSTANCE"
    } ]
  } ],
  "environment" : "PROD"
}