[ {
  "packageName" : "Default",
  "enabled" : "true",
  "version" : "10.1.0.0.99"
}, {
  "packageName" : "WmART",
  "enabled" : "true",
  "version" : "10.1.0.0.99"
}, {
  "packageName" : "WmARTExtDC",
  "enabled" : "true",
  "version" : "10.1.0.0.76"
}, {
  "packageName" : "WmAssetPublisher",
  "enabled" : "true",
  "version" : "10.1.0.0.99"
}, {
  "packageName" : "WmBusinessRules",
  "enabled" : "true",
  "version" : "10.1.0.3.232"
}, {
  "packageName" : "WmCloud",
  "enabled" : "true",
  "version" : "10.1.0.0.99"
}, {
  "packageName" : "WmFlatFile",
  "enabled" : "true",
  "version" : "10.1.0.0.99"
}, {
  "packageName" : "WmISExtDC",
  "enabled" : "true",
  "version" : "10.1.0.0.76"
}, {
  "packageName" : "WmJDBCAdapter",
  "enabled" : "true",
  "version" : "9.10.0.0"
}, {
  "packageName" : "WmMediator",
  "enabled" : "true",
  "version" : "10.1.0.0004-0058"
}, {
  "packageName" : "WmMonitor",
  "enabled" : "true",
  "version" : "10.1.0.0.72"
}, {
  "packageName" : "WmPRT",
  "enabled" : "true",
  "version" : "10.1.0.0.20"
}, {
  "packageName" : "WmPublic",
  "enabled" : "true",
  "version" : "10.1.0.0.99"
}, {
  "packageName" : "WmRoot",
  "enabled" : "true",
  "version" : "10.1.0.0.99"
}, {
  "packageName" : "WmSAP",
  "enabled" : "true",
  "version" : "7.1.0.0.718"
}, {
  "packageName" : "WmTaskClient",
  "enabled" : "true",
  "version" : "10.1.0.0.273"
}, {
  "packageName" : "WmVCS",
  "enabled" : "true",
  "version" : "10.1.0.0.99"
}, {
  "packageName" : "WmWin32",
  "enabled" : "false",
  "version" : "10.1.0.0.99"
}, {
  "packageName" : "WmXSLT",
  "enabled" : "true",
  "version" : "10.1.0.0.99"
} ]