{"HTTPCookieSize":"14","ServerTime":"true","CacheJoinInfoKeys":"true","StampTime":"true","StampTimeUseHPTScale":"0","EnableCaching":"false","NanoDelayBase":"1000000","ExtendedMessageSelector":"true","EnableDNSLookups":"true","EnableWeakReferenceCleanup":"true","DisableExplicitGC":"true","StampDictionary":"true","StampHost":"true","NHPScanTime":"5000","SendRealmSummaryStats":"false","ServerStateFlush":"500","StatusBroadcast":"5000","StampUser":"true","StatusUpdateTime":"9223372036854775807","OverrideEveryoneUser":"false","StampTimeUseHPT":"false","AllowRealmAdminFullAccess":"true","NHPTimeout":"120000"}