{"Truststore":{"@alias":"LidlTestCenterTruststore","Description":"From 429","Type":"JKS","Provider":"SUN","Location":"F:\\SoftwareAG\\DOPS_REF_V990_01\\IntegrationServer\\instances\\default\\config\\security\\LidlTestCenterTruststore.jks","Password":"","ExtendedProperties":{"Property":[{"@name":"isLoaded","$":"true"},{"@name":"certficateAliases","$":" *.successfactors.com (symantec class 3 secure server ca - g4),*.exacttargetapis.com (digicert sha2 secure server ca),*.nic-gold.com (thawte sha256 ssl ca),baltimore cybertrust root,deutsche telekom root ca 2,digicert global root ca,digicert high assurance ev root ca,digicert sha2 secure server ca (digicert global root ca),eibe.bff-online.de (zivit ca - g01),entrust root certification authority,entrust root certification authority - g2,evatr.bff-online.de (zivit ca - g01),geotrust global ca,go daddy root certificate authority - g2,icix.com (schwarz server issuing ca 2015 g1),let's encrypt authority x3,lidl certificate authority_2017,lidl internet-proxy,lidl testcenter root certificate authority 2015 g1,lidl testcenter server issuing ca 2015 g1,lidl-shop.com,microsoft it tls ca 2 (baltimore cybertrust root),sapbw_cert,schwarz root certificate authority 2015 g2,schwarz server issuing ca 2015 g1,swisssign gold ca - g2,swisssign silver ca - g2,symantec class 3 secure server ca - g4,verisignroot,www.ecb.europa.eu (entrust certification authority - l1k)"}]}}}