{"AllowBufferReuse":"true","BufferPoolSize":"100","PriorityQueueCount":"10","WriteHandlerType":"3","PriorityReadType":"1","BufferQueueSize":"100","whEventThresholdTime":"500","HandshakeTimeout":"5000","whMaxTimeBetweenFlush":"2","IdleSessionTimeout":"300000","MaxNoOfConnections":"-1","whEventThresholdCount":"350","ReadCount":"10","PriorityReadSpinLockMaxConnections":"2","QueueHighWaterMark":"3000","UseDirectBuffering":"true","EnablePriorityMessaging":"false","KeepAlive":"60000","FlexKeepAlive":"25000","MaxWriteCount":"30","NIOSelectArray":"false","whPeakTrailDelay":"1000","BufferSize":"10240","CometReadTimeout":"20000","PriorityReadSpinLockTime":"500","NetworkMonitorThreads":"4","ConnectionDelay":"60000","whMaxEventsPerSecond":"100000","whMaxEventsBeforeFlush":"100","IdleDriverTimeout":"300000","QueueLowWaterMark":"1000","OutputBlockSize":"10240","BufferManagerCount":"16","MaxBufferSize":"1048576"}