{"ParallelThreshold":"1","HonourSharedDurableCapacity":"true","PublishExpiredEvents":"true","DelayPublishOnCapacity":"true","ConnectionGrouping":"true","SendEndOfChannelAlways":"false","ParallelUseGlobalPool":"true","PeakPublishDelay":"1","ParallelBatchSize":"50","PublishDelay":"1","SyncQueuePublisher":"false","MaximumDelayInWrite":"1","SendPubEventsImmediately":"true","JMSQueueMaxMultiplier":"10","RoundRobinDelivery":"false","ParallelThreadPoolSize":"2","SyncQueueDelay":"1000","IteratorWindowSize":"100"}