{"javax.net.ssl.trustStoreType":"%JAVA_TRUSTSTORETYPE%","javax.net.ssl.keyStorePassword":"%JAVA_KEYSTORE_PASSWORD%","javax.net.ssl.keyStore":"%JAVA_KEYSTORE%","javax.net.ssl.keyStoreType":"%JAVA_KEYSTORETYPE%","append.cp":"%WM_HOME%/Broker/lib","javax.net.ssl.trustStorePassword":"%JAVA_TRUSTSTORE_PASSWORD%","java.util.Arrays.useLegacyMergeSort":"true","osgi.noShutdown":"true","server.name":"%SERVER_NAME%","com.webmethods.mws.servicename":"\"%SERVICE_NAME%\"","com.webmethods.mws.runasservice":"true","java.rmi.server.hostname":"%RMI_HOSTNAME%","javax.net.ssl.trustStore":"%JAVA_TRUSTSTORE%","eclipse.ignoreApp":"true","portal.home":"%PORTAL_HOME%","java.awt.headless":"true","portal.node.name":"%NODE_NAME%","java.io.tmpdir":"%SERVER_HOME%/temp","file.encoding":"%FILE_ENCODING%","osgi.install.area":"\"%OSGI_INSTALL_AREA%\""}