{"Resources":{"ServerThreadPool":{"MaximumThreads":"75","MinimumThreads":"10","AvailableThreadsWarningThreshold":"15","SchedulerThreadThrottle":"75"},"Session":{"SessionTimeout":"10","EnableStatefulSessionLimit":"true","MaximumStatefulSessions":"2147483647","AvailableStatefulSessionWarningThreshold":"25"}},"StoreSettings":{"DefaultDocumentStore":{"StoreLocation":"DocumentStore","InitialStoreSize":"25"},"TriggerDocumentStore":{"StoreLocation":"DocumentStore","InitialStoreSize":"35","User":"Administrator"},"OutboundDocumentStore":null,"XARecoverystore":{"StoreLocation":"XAStore","InitialStoreSize":"10"},"BrokerConfigured":"false"}}