{"Port":{"@primary":"false","@alias":"HTTPListener_15006_WmPRT","Enabled":"true","Type":"STANDARD","Number":"15006","Protocol":"HTTP","Backlog":"200","KeepAliveTimeout":"20000","ThreadPool":{"@enabled":"false"},"ExtendedProperties":{"Property":[{"@name":"package","$":"WmPRT"},{"@name":"suspended","$":"false"},{"@name":"delay","$":"0"}]},"IPAccess":{"@accessType":"USE_GLOBAL_DEFAULT"},"URLAccess":{"@accessType":"DENY_BY_DEFAULT","Allow":{"URL":["wm.econtent.econtent:update","wm.prt.eforms:update","wm.server:connect","wm.server:disconnect","wm.server:ping"]}}}}