{
  "data": [
    {
      "DT_RowId": "row_1",
      "first_name": "Tiger",
      "last_name": "Nixon",
      "position": "System Architect",
      "email": "t.nixon@datatables.net",
      "office": "Edinburgh",
      "extn": "5421",
      "age": "61",
      "salary": "320800",
      "start_date": "2011-04-25"
    },
    {
      "DT_RowId": "row_2",
      "first_name": "Garrett",
      "last_name": "Winters",
      "position": "Accountant",
      "email": "g.winters@datatables.net",
      "office": "Tokyo",
      "extn": "8422",
      "age": "63",
      "salary": "170750",
      "start_date": "2011-07-25"
    },
    {
      "DT_RowId": "row_3",
      "first_name": "Ashton",
      "last_name": "Cox",
      "position": "Junior Technical Author",
      "email": "a.cox@datatables.net",
      "office": "San Francisco",
      "extn": "1562",
      "age": "66",
      "salary": "86000",
      "start_date": "2009-01-12"
    }
  ],
  "options": [],
  "files": []
}