{"Pool":{"@primary":"true","@alias":"1","Name":"default","Description":"Default","MinSize":"0","MaxSize":"100","MaxIdleTime":"60","CacheStatements":"false","DatabaseServer":{"@type":"DERBY","Database":"derby","URL":"jdbc:derby:home:/data/db","User":"portal","Password":"{DES}oTPaDMdSrQI="},"Driver":{"Class":"org.apache.derby.jdbc.EmbeddedDriver"},"ExtendedProperties":{"Property":[{"@name":"CLEANUPPERIOD","$":"10"},{"@name":"TESTSQL","$":"SELECT COUNT(*) FROM tblThing WHERE idThing = 1"},{"@name":"SQLWORKERCLASS","$":"com.webmethods.portal.service.sql.core.BaseSqlWorker"},{"@name":"CONNPROVIDERCLASS","$":"com.webmethods.portal.service.sql.core.provider.pool.PooledConnectionProvider"}]}}}