{"@alias":"MWS","Description":"Connection to My webMethods Server with Monitor UI","Transport":{"@type":"MANUAL","Protocol":"HTTP","Host":"localhost","Port":"18385"},"Auth":{"@type":"BASIC","User":"Administrator"},"ExtendedProperties":{"Property":[{"@name":"dlsEnabled","$":"false"},{"@name":"dlsSuperUser","$":"Administrator"},{"@name":"dbRetries","$":"3"},{"@name":"reportingBatchSize","$":"100"},{"@name":"jdbcArchive","$":"false"},{"@name":"addMwUsertoMonitorACL","$":"true"},{"@name":"resubmitOnLocalIS","$":"true"}]}}