{
  "name" : "PROD_ESB_V103_TN_02",
  "level" : "NODE",
  "layer" : "ESB",
  "spmURL" : "http://sr05722.work.lantmannen.lan:8192/spm",
  "children" : [ {
    "name" : "integrationServer-default",
    "level" : "COMPONENT",
    "children" : [ {
      "name" : "COMMON-ADMINUI",
      "level" : "INSTANCE"
    }, {
      "name" : "COMMON-CLUSTER",
      "level" : "INSTANCE"
    }, {
      "name" : "COMMON-COMPONENT-ENDPOINTS-local",
      "level" : "INSTANCE"
    }, {
      "name" : "COMMON-COMPONENT-ENDPOINTS-SCI_CLUSTERNODE_01",
      "level" : "INSTANCE"
    }, {
      "name" : "COMMON-COMPONENT-ENDPOINTS-SCI_CLUSTERNODE_02",
      "level" : "INSTANCE"
    }, {
      "name" : "COMMON-CONFIGURATION-TYPE-METADATA-com.softwareag.platform.management.is.configuration.impl.ISResourcesMetadata.xml",
      "level" : "INSTANCE"
    }, {
      "name" : "COMMON-CONFIGURATION-TYPE-METADATA-com.softwareag.platform.management.is.configuration.impl.WSConsumerEndPointsMetadataComponent.xml",
      "level" : "INSTANCE"
    }, {
      "name" : "COMMON-CONFIGURATION-TYPE-METADATA-com.softwareag.platform.management.is.configuration.impl.WSProviderEndPointsMetadataComponent.xml",
      "level" : "INSTANCE"
    }, {
      "name" : "COMMON-CONFIGURATION-TYPE-METADATA-com.softwareag.plm.spm.spm.impl.CommonJDBCConfigurationTypeMetadata.xml",
      "level" : "INSTANCE"
    }, {
      "name" : "COMMON-CONFIGURATION-TYPE-METADATA-com.softwareag.plm.spm.spm.impl.CommonJMSConfigurationTypeMetadata.xml",
      "level" : "INSTANCE"
    }, {
      "name" : "COMMON-CONFIGURATION-TYPE-METADATA-com.softwareag.plm.spm.spm.impl.CommonJNDIConfigurationTypeMetadata.xml",
      "level" : "INSTANCE"
    }, {
      "name" : "COMMON-CONFIGURATION-TYPE-METADATA-com.softwareag.plm.spm.spm.impl.CommonKeystoresConfigurationTypeMetadata.xml",
      "level" : "INSTANCE"
    }, {
      "name" : "COMMON-CONFIGURATION-TYPE-METADATA-com.softwareag.plm.spm.spm.impl.CommonLocalUsersConfigurationTypeMetadata.xml",
      "level" : "INSTANCE"
    }, {
      "name" : "COMMON-CONFIGURATION-TYPE-METADATA-com.softwareag.plm.spm.spm.impl.CommonMessagingConfigurationTypeMetadata.xml",
      "level" : "INSTANCE"
    }, {
      "name" : "COMMON-CONFIGURATION-TYPE-METADATA-com.softwareag.plm.spm.spm.impl.CommonPortsConfigurationTypeMetadata.xml",
      "level" : "INSTANCE"
    }, {
      "name" : "COMMON-CONFIGURATION-TYPE-METADATA-com.softwareag.plm.spm.spm.impl.CommonSMTPConfigurationTypeMetadata.xml",
      "level" : "INSTANCE"
    }, {
      "name" : "COMMON-CONFIGURATION-TYPE-METADATA-com.softwareag.plm.spm.spm.impl.CommonSysPropsConfigurationTypeMetadata.xml",
      "level" : "INSTANCE"
    }, {
      "name" : "COMMON-CONFIGURATION-TYPE-METADATA-com.softwareag.plm.spm.spm.impl.CommonTruststoresConfigurationTypeMetadata.xml",
      "level" : "INSTANCE"
    }, {
      "name" : "COMMON-CONFIGURATION-TYPE-METADATA-com.softwareag.plm.spm.spm.impl.CommonVarsConfigurationTypeMetadata.xml",
      "level" : "INSTANCE"
    }, {
      "name" : "COMMON-DBFUNCTION-ActiveTransfer",
      "level" : "INSTANCE"
    }, {
      "name" : "COMMON-DBFUNCTION-Adapters",
      "level" : "INSTANCE"
    }, {
      "name" : "COMMON-DBFUNCTION-Archiving",
      "level" : "INSTANCE"
    }, {
      "name" : "COMMON-DBFUNCTION-CentralUsers",
      "level" : "INSTANCE"
    }, {
      "name" : "COMMON-DBFUNCTION-DocumentHistory",
      "level" : "INSTANCE"
    }, {
      "name" : "COMMON-DBFUNCTION-ISCoreAudit",
      "level" : "INSTANCE"
    }, {
      "name" : "COMMON-DBFUNCTION-ISInternal",
      "level" : "INSTANCE"
    }, {
      "name" : "COMMON-DBFUNCTION-MobileSupport",
      "level" : "INSTANCE"
    }, {
      "name" : "COMMON-DBFUNCTION-ProcessAudit",
      "level" : "INSTANCE"
    }, {
      "name" : "COMMON-DBFUNCTION-ProcessEngine",
      "level" : "INSTANCE"
    }, {
      "name" : "COMMON-DBFUNCTION-Reporting",
      "level" : "INSTANCE"
    }, {
      "name" : "COMMON-DBFUNCTION-Simulation",
      "level" : "INSTANCE"
    }, {
      "name" : "COMMON-DBFUNCTION-Staging",
      "level" : "INSTANCE"
    }, {
      "name" : "COMMON-DBFUNCTION-TN",
      "level" : "INSTANCE"
    }, {
      "name" : "COMMON-DBFUNCTION-Xref",
      "level" : "INSTANCE"
    }, {
      "name" : "COMMON-JAAS-REALMS-IS_KERBEROS_INBOUND",
      "level" : "INSTANCE"
    }, {
      "name" : "COMMON-JAAS-REALMS-IS_KERBEROS_OUTBOUND",
      "level" : "INSTANCE"
    }, {
      "name" : "COMMON-JAAS-REALMS-IS_Transport",
      "level" : "INSTANCE"
    }, {
      "name" : "COMMON-JAAS-REALMS-PlatformManagement",
      "level" : "INSTANCE"
    }, {
      "name" : "COMMON-JAAS-REALMS-WSS_Message_IS",
      "level" : "INSTANCE"
    }, {
      "name" : "COMMON-JAAS-REALMS-WSS_Transport_IS",
      "level" : "INSTANCE"
    }, {
      "name" : "COMMON-JAAS-REALMS-WSS_Transport_ProxyService",
      "level" : "INSTANCE"
    }, {
      "name" : "COMMON-JMS-DEFAULT_IS_JMS_CONNECTION",
      "level" : "INSTANCE"
    }, {
      "name" : "COMMON-JMS-PE_NONTRANSACTIONAL_ALIAS",
      "level" : "INSTANCE"
    }, {
      "name" : "COMMON-JMS-SCI_JMS_BROKER96_CONNECTION",
      "level" : "INSTANCE"
    }, {
      "name" : "COMMON-JMS-SCI_JMS_BROKER_CONNECTION",
      "level" : "INSTANCE"
    }, {
      "name" : "COMMON-JMS-SCI_VOLVO_MQ_JMS",
      "level" : "INSTANCE"
    }, {
      "name" : "COMMON-JNDI-DEFAULT_IS_JNDI_PROVIDER",
      "level" : "INSTANCE"
    }, {
      "name" : "COMMON-JNDI-JMS_JNDI_PROVIDER_UM",
      "level" : "INSTANCE"
    }, {
      "name" : "COMMON-JNDI-SCI_VOLVO_MQ_FSJNDI",
      "level" : "INSTANCE"
    }, {
      "name" : "COMMON-KEYSTORES_DEFAULT_IS_KEYSTORE",
      "level" : "INSTANCE"
    }, {
      "name" : "COMMON-KEYSTORES_ExtKeystore",
      "level" : "INSTANCE"
    }, {
      "name" : "COMMON-KEYSTORES_ISKeystore",
      "level" : "INSTANCE"
    }, {
      "name" : "COMMON-KEYSTORES_ProdUnit4",
      "level" : "INSTANCE"
    }, {
      "name" : "COMMON-KEYSTORES_SCI_TNKeyStore",
      "level" : "INSTANCE"
    }, {
      "name" : "COMMON-LICENSE-IS-Core",
      "level" : "INSTANCE"
    }, {
      "name" : "COMMON-LICENSE-IS-Terracotta",
      "level" : "INSTANCE"
    }, {
      "name" : "COMMON-LICLOC-IS-Core",
      "level" : "INSTANCE"
    }, {
      "name" : "COMMON-LICLOC-IS-Terracotta",
      "level" : "INSTANCE"
    }, {
      "name" : "COMMON-LOCAL-USERS-Administrator",
      "level" : "INSTANCE"
    }, {
      "name" : "COMMON-LOCAL-USERS-Central",
      "level" : "INSTANCE"
    }, {
      "name" : "COMMON-LOCAL-USERS-Default",
      "level" : "INSTANCE"
    }, {
      "name" : "COMMON-LOCAL-USERS-Developer",
      "level" : "INSTANCE"
    }, {
      "name" : "COMMON-LOCAL-USERS-ext_00017_Schenker",
      "level" : "INSTANCE"
    }, {
      "name" : "COMMON-LOCAL-USERS-ext_00400_highjump",
      "level" : "INSTANCE"
    }, {
      "name" : "COMMON-LOCAL-USERS-ext_ag_lan_barkfors",
      "level" : "INSTANCE"
    }, {
      "name" : "COMMON-LOCAL-USERS-Replicator",
      "level" : "INSTANCE"
    }, {
      "name" : "COMMON-LOCAL-USERS-SCI_IS_USER_API",
      "level" : "INSTANCE"
    }, {
      "name" : "COMMON-LOCAL-USERS-SCI_IS_USER_CLUSTER",
      "level" : "INSTANCE"
    }, {
      "name" : "COMMON-LOCAL-USERS-SCI_IS_USER_DEPLOYER",
      "level" : "INSTANCE"
    }, {
      "name" : "COMMON-LOCAL-USERS-SCI_IS_USER_MONITOR",
      "level" : "INSTANCE"
    }, {
      "name" : "COMMON-LOCAL-USERS-SCI_IS_USER_OPTIMIZE",
      "level" : "INSTANCE"
    }, {
      "name" : "COMMON-LOCAL-USERS-SCI_IS_USER_SCHEDULER",
      "level" : "INSTANCE"
    }, {
      "name" : "COMMON-LOCAL-USERS-__x_ancgup01",
      "level" : "INSTANCE"
    }, {
      "name" : "COMMON-LOCAL-USERS-__x_anjkum02",
      "level" : "INSTANCE"
    }, {
      "name" : "COMMON-LOCAL-USERS-__x_deerav01",
      "level" : "INSTANCE"
    }, {
      "name" : "COMMON-LOCAL-USERS-__x_hakhan01",
      "level" : "INSTANCE"
    }, {
      "name" : "COMMON-LOCAL-USERS-__x_kriekl01",
      "level" : "INSTANCE"
    }, {
      "name" : "COMMON-LOCAL-USERS-__x_krilar01",
      "level" : "INSTANCE"
    }, {
      "name" : "COMMON-LOCAL-USERS-__x_nilbak01",
      "level" : "INSTANCE"
    }, {
      "name" : "COMMON-LOCAL-USERS-__x_pavall01",
      "level" : "INSTANCE"
    }, {
      "name" : "COMMON-LOCAL-USERS-__x_petnil07",
      "level" : "INSTANCE"
    }, {
      "name" : "COMMON-LOGGERS-Document",
      "level" : "INSTANCE"
    }, {
      "name" : "COMMON-LOGGERS-Error",
      "level" : "INSTANCE"
    }, {
      "name" : "COMMON-LOGGERS-Guaranteed_Delivery_Inbound",
      "level" : "INSTANCE"
    }, {
      "name" : "COMMON-LOGGERS-Guaranteed_Delivery_Outbound",
      "level" : "INSTANCE"
    }, {
      "name" : "COMMON-LOGGERS-Integration",
      "level" : "INSTANCE"
    }, {
      "name" : "COMMON-LOGGERS-Messaging",
      "level" : "INSTANCE"
    }, {
      "name" : "COMMON-LOGGERS-Process",
      "level" : "INSTANCE"
    }, {
      "name" : "COMMON-LOGGERS-Security",
      "level" : "INSTANCE"
    }, {
      "name" : "COMMON-LOGGERS-Server",
      "level" : "INSTANCE"
    }, {
      "name" : "COMMON-LOGGERS-Service",
      "level" : "INSTANCE"
    }, {
      "name" : "COMMON-LOGGERS-Session",
      "level" : "INSTANCE"
    }, {
      "name" : "COMMON-LOGGERS-UM_Client",
      "level" : "INSTANCE"
    }, {
      "name" : "COMMON-PORTS-CorporateFunctions",
      "level" : "INSTANCE"
    }, {
      "name" : "COMMON-PORTS-DefaultDiagnostic",
      "level" : "INSTANCE"
    }, {
      "name" : "COMMON-PORTS-DefaultPrimaryPort",
      "level" : "INSTANCE"
    }, {
      "name" : "COMMON-PORTS-EBFOFTP",
      "level" : "INSTANCE"
    }, {
      "name" : "COMMON-PORTS-EBFO_HTTP",
      "level" : "INSTANCE"
    }, {
      "name" : "COMMON-PORTS-FTPListener_11202_LMAG_LAN_Receive",
      "level" : "INSTANCE"
    }, {
      "name" : "COMMON-PORTS-FTPListener_14201_WmRoot",
      "level" : "INSTANCE"
    }, {
      "name" : "COMMON-PORTS-FTPListener_14203_WmRoot",
      "level" : "INSTANCE"
    }, {
      "name" : "COMMON-PORTS-FTPListener_14205_WmRoot",
      "level" : "INSTANCE"
    }, {
      "name" : "COMMON-PORTS-FTPListener_14206_WmRoot",
      "level" : "INSTANCE"
    }, {
      "name" : "COMMON-PORTS-HTTPListener_11002_LMAG_LAN_Receive",
      "level" : "INSTANCE"
    }, {
      "name" : "COMMON-PORTS-HTTPListener_11003_LMMA_MAS_Communication",
      "level" : "INSTANCE"
    }, {
      "name" : "COMMON-PORTS-HTTPListener_14001_WmRoot",
      "level" : "INSTANCE"
    }, {
      "name" : "COMMON-PORTS-HTTPListener_14004_WmRoot",
      "level" : "INSTANCE"
    }, {
      "name" : "COMMON-PORTS-HTTPListener_14005_WmRoot",
      "level" : "INSTANCE"
    }, {
      "name" : "COMMON-PORTS-HTTPListener_14006_WmRoot",
      "level" : "INSTANCE"
    }, {
      "name" : "COMMON-PORTS-HTTPListener_15002_LMAG_LAN_Receive",
      "level" : "INSTANCE"
    }, {
      "name" : "COMMON-PORTS-HTTPListener_15006_WmPRT",
      "level" : "INSTANCE"
    }, {
      "name" : "COMMON-PORTS-HTTPSListener_11102_LMAG_LAN_Receive",
      "level" : "INSTANCE"
    }, {
      "name" : "COMMON-PORTS-HTTPSListener_14101_WmRoot",
      "level" : "INSTANCE"
    }, {
      "name" : "COMMON-PORTS-HTTPSListener_14103_WmRoot",
      "level" : "INSTANCE"
    }, {
      "name" : "COMMON-PORTS-HTTPSListener_14104_WmRoot",
      "level" : "INSTANCE"
    }, {
      "name" : "COMMON-PORTS-HTTPSListener_14105_WmRoot",
      "level" : "INSTANCE"
    }, {
      "name" : "COMMON-PORTS-HTTPSListener_14106_WmRoot",
      "level" : "INSTANCE"
    }, {
      "name" : "COMMON-PORTS-Optimize",
      "level" : "INSTANCE"
    }, {
      "name" : "COMMON-PROXY-proxy-bypass",
      "level" : "INSTANCE"
    }, {
      "name" : "COMMON-SYSPROPS",
      "level" : "INSTANCE"
    }, {
      "name" : "COMMON-TRUSTSTORES_DEFAULT_INTEGRATION_LIVE_TRUSTSTORE",
      "level" : "INSTANCE"
    }, {
      "name" : "COMMON-TRUSTSTORES_DEFAULT_IS_TRUSTSTORE",
      "level" : "INSTANCE"
    }, {
      "name" : "COMMON-TRUSTSTORES_DEFAULT_WMCLOUD_TRUSTSTORE",
      "level" : "INSTANCE"
    }, {
      "name" : "COMMON-TRUSTSTORES_ISTruststore",
      "level" : "INSTANCE"
    }, {
      "name" : "COMMON-WMMESSAGING-IS_BROKER96_CONNECTION",
      "level" : "INSTANCE"
    }, {
      "name" : "COMMON-WMMESSAGING-IS_BROKER_CONNECTION",
      "level" : "INSTANCE"
    }, {
      "name" : "COMMON-WMMESSAGING-IS_DES_CONNECTION",
      "level" : "INSTANCE"
    }, {
      "name" : "COMMON-WMMESSAGING-IS_LOCAL_CONNECTION",
      "level" : "INSTANCE"
    }, {
      "name" : "IS-ACLS-Administrators",
      "level" : "INSTANCE"
    }, {
      "name" : "IS-ACLS-Anonymous",
      "level" : "INSTANCE"
    }, {
      "name" : "IS-ACLS-CentralAdministrators",
      "level" : "INSTANCE"
    }, {
      "name" : "IS-ACLS-CentralUsers",
      "level" : "INSTANCE"
    }, {
      "name" : "IS-ACLS-Default",
      "level" : "INSTANCE"
    }, {
      "name" : "IS-ACLS-DeployerAdmin",
      "level" : "INSTANCE"
    }, {
      "name" : "IS-ACLS-Developers",
      "level" : "INSTANCE"
    }, {
      "name" : "IS-ACLS-Internal",
      "level" : "INSTANCE"
    }, {
      "name" : "IS-ACLS-MFTAdministrators",
      "level" : "INSTANCE"
    }, {
      "name" : "IS-ACLS-MFTMWSUsers",
      "level" : "INSTANCE"
    }, {
      "name" : "IS-ACLS-MFTUIUsers",
      "level" : "INSTANCE"
    }, {
      "name" : "IS-ACLS-MFTUsers",
      "level" : "INSTANCE"
    }, {
      "name" : "IS-ACLS-MonitorAdministrators",
      "level" : "INSTANCE"
    }, {
      "name" : "IS-ACLS-MonitorUsers",
      "level" : "INSTANCE"
    }, {
      "name" : "IS-ACLS-Optimize",
      "level" : "INSTANCE"
    }, {
      "name" : "IS-ACLS-Replicators",
      "level" : "INSTANCE"
    }, {
      "name" : "IS-ACLS-SCI_AnyUser",
      "level" : "INSTANCE"
    }, {
      "name" : "IS-ACLS-SCI_IS_ACL_LMAG",
      "level" : "INSTANCE"
    }, {
      "name" : "IS-ACLS-SCI_IS_ACL_LMCF",
      "level" : "INSTANCE"
    }, {
      "name" : "IS-ACLS-SCI_IS_ACL_LMEN",
      "level" : "INSTANCE"
    }, {
      "name" : "IS-ACLS-SCI_IS_ACL_LMFO",
      "level" : "INSTANCE"
    }, {
      "name" : "IS-ACLS-SCI_IS_ACL_LMMA",
      "level" : "INSTANCE"
    }, {
      "name" : "IS-ACLS-SCI_IS_ACL_LMSCI",
      "level" : "INSTANCE"
    }, {
      "name" : "IS-ACLS-SCI_IS_ACL_SYS",
      "level" : "INSTANCE"
    }, {
      "name" : "IS-ACLS-SimulationUsers",
      "level" : "INSTANCE"
    }, {
      "name" : "IS-ACLS-TNAdministrators",
      "level" : "INSTANCE"
    }, {
      "name" : "IS-ACLS-TNMWSUsers",
      "level" : "INSTANCE"
    }, {
      "name" : "IS-ACLS-TNPartners",
      "level" : "INSTANCE"
    }, {
      "name" : "IS-CONSUMER-ENDPOINTS-HTTP-LMAG_LAN_ConLab",
      "level" : "INSTANCE"
    }, {
      "name" : "IS-CONSUMER-ENDPOINTS-HTTP-LMAG_LAN_Logicenter",
      "level" : "INSTANCE"
    }, {
      "name" : "IS-CONSUMER-ENDPOINTS-HTTP-LMAG_LAN_TFP",
      "level" : "INSTANCE"
    }, {
      "name" : "IS-CONSUMER-ENDPOINTS-HTTPS-LMAG_LAN_Barkfors",
      "level" : "INSTANCE"
    }, {
      "name" : "IS-CONSUMER-ENDPOINTS-HTTPS-LMAG_LAN_EXT_Eurofins",
      "level" : "INSTANCE"
    }, {
      "name" : "IS-DEFAULT-WMMESSAGING",
      "level" : "INSTANCE"
    }, {
      "name" : "IS-FILEPERMISSION_DELETE",
      "level" : "INSTANCE"
    }, {
      "name" : "IS-FILEPERMISSION_READ",
      "level" : "INSTANCE"
    }, {
      "name" : "IS-FILEPERMISSION_WRITE",
      "level" : "INSTANCE"
    }, {
      "name" : "IS-GROUPS-local_Administrators",
      "level" : "INSTANCE"
    }, {
      "name" : "IS-GROUPS-local_Anonymous",
      "level" : "INSTANCE"
    }, {
      "name" : "IS-GROUPS-local_CentralAdministrators",
      "level" : "INSTANCE"
    }, {
      "name" : "IS-GROUPS-local_CentralUsers",
      "level" : "INSTANCE"
    }, {
      "name" : "IS-GROUPS-local_Developers",
      "level" : "INSTANCE"
    }, {
      "name" : "IS-GROUPS-local_Everybody",
      "level" : "INSTANCE"
    }, {
      "name" : "IS-GROUPS-local_MFTAdministrators",
      "level" : "INSTANCE"
    }, {
      "name" : "IS-GROUPS-local_MFTMonitoringUsers",
      "level" : "INSTANCE"
    }, {
      "name" : "IS-GROUPS-local_MFTUsers",
      "level" : "INSTANCE"
    }, {
      "name" : "IS-GROUPS-local_MonitorAdministrators",
      "level" : "INSTANCE"
    }, {
      "name" : "IS-GROUPS-local_MonitorUsers",
      "level" : "INSTANCE"
    }, {
      "name" : "IS-GROUPS-local_OptimizeUsers",
      "level" : "INSTANCE"
    }, {
      "name" : "IS-GROUPS-local_Replicators",
      "level" : "INSTANCE"
    }, {
      "name" : "IS-GROUPS-local_SimulationUsers",
      "level" : "INSTANCE"
    }, {
      "name" : "IS-GROUPS-local_TNAdministrators",
      "level" : "INSTANCE"
    }, {
      "name" : "IS-GROUPS-local_TNPartners",
      "level" : "INSTANCE"
    }, {
      "name" : "IS-GROUPS-system_Admin--Role",
      "level" : "INSTANCE"
    }, {
      "name" : "IS-GROUPS-system_cf_scca_temp",
      "level" : "INSTANCE"
    }, {
      "name" : "IS-GROUPS-system_Everyone",
      "level" : "INSTANCE"
    }, {
      "name" : "IS-GROUPS-system_lmag_temp",
      "level" : "INSTANCE"
    }, {
      "name" : "IS-GROUPS-system_lm_ag_lan_super",
      "level" : "INSTANCE"
    }, {
      "name" : "IS-GROUPS-system_MFT--Administrators",
      "level" : "INSTANCE"
    }, {
      "name" : "IS-GROUPS-system_MFT--MWS--Users",
      "level" : "INSTANCE"
    }, {
      "name" : "IS-GROUPS-system_My--webMethods--Administrators",
      "level" : "INSTANCE"
    }, {
      "name" : "IS-GROUPS-system_My--webMethods--Users",
      "level" : "INSTANCE"
    }, {
      "name" : "IS-GROUPS-system_sci_mws_group_adm",
      "level" : "INSTANCE"
    }, {
      "name" : "IS-GROUPS-system_sci_mws_group_common_ext",
      "level" : "INSTANCE"
    }, {
      "name" : "IS-GROUPS-system_sci_mws_group_lmag_ext",
      "level" : "INSTANCE"
    }, {
      "name" : "IS-GROUPS-system_sci_mws_group_lmcf_ext",
      "level" : "INSTANCE"
    }, {
      "name" : "IS-GROUPS-system_sci_mws_group_lmen_ext",
      "level" : "INSTANCE"
    }, {
      "name" : "IS-GROUPS-system_sci_mws_group_lmfo_ext",
      "level" : "INSTANCE"
    }, {
      "name" : "IS-GROUPS-system_sci_mws_group_lmma_ext",
      "level" : "INSTANCE"
    }, {
      "name" : "IS-GROUPS-system_SCI_MWS_ROLE_EXT",
      "level" : "INSTANCE"
    }, {
      "name" : "IS-GROUPS-system_SCI_MWS_ROLE_LMAG_ADM",
      "level" : "INSTANCE"
    }, {
      "name" : "IS-GROUPS-system_SCI_MWS_ROLE_LMAG_EXT",
      "level" : "INSTANCE"
    }, {
      "name" : "IS-GROUPS-system_SCI_MWS_ROLE_LMAG_LAN_and_LMFO_CER_View",
      "level" : "INSTANCE"
    }, {
      "name" : "IS-GROUPS-system_SCI_MWS_ROLE_LMAG_LAN_OY_VIEW",
      "level" : "INSTANCE"
    }, {
      "name" : "IS-GROUPS-system_SCI_MWS_ROLE_LMAG_VIEW",
      "level" : "INSTANCE"
    }, {
      "name" : "IS-GROUPS-system_SCI_MWS_ROLE_LMCF_ADM",
      "level" : "INSTANCE"
    }, {
      "name" : "IS-GROUPS-system_SCI_MWS_ROLE_LMCF_EXT",
      "level" : "INSTANCE"
    }, {
      "name" : "IS-GROUPS-system_SCI_MWS_ROLE_LMCF_VIEW",
      "level" : "INSTANCE"
    }, {
      "name" : "IS-GROUPS-system_SCI_MWS_ROLE_LMEN_ADM",
      "level" : "INSTANCE"
    }, {
      "name" : "IS-GROUPS-system_SCI_MWS_ROLE_LMEN_EXT",
      "level" : "INSTANCE"
    }, {
      "name" : "IS-GROUPS-system_SCI_MWS_ROLE_LMFO_ADM",
      "level" : "INSTANCE"
    }, {
      "name" : "IS-GROUPS-system_SCI_MWS_ROLE_LMFO_CER_VIEW",
      "level" : "INSTANCE"
    }, {
      "name" : "IS-GROUPS-system_SCI_MWS_ROLE_LMFO_EXT",
      "level" : "INSTANCE"
    }, {
      "name" : "IS-GROUPS-system_SCI_MWS_ROLE_LMFO_VIEW",
      "level" : "INSTANCE"
    }, {
      "name" : "IS-GROUPS-system_SCI_MWS_ROLE_LMFO_VIEW_Dtype",
      "level" : "INSTANCE"
    }, {
      "name" : "IS-GROUPS-system_SCI_MWS_ROLE_LMMA_ADM",
      "level" : "INSTANCE"
    }, {
      "name" : "IS-GROUPS-system_SCI_MWS_ROLE_LMMA_EXT",
      "level" : "INSTANCE"
    }, {
      "name" : "IS-GROUPS-system_SCI_MWS_ROLE_LMMA_SWE_PreCom_VIEW",
      "level" : "INSTANCE"
    }, {
      "name" : "IS-GROUPS-system_SCI_MWS_ROLE_LMMA_SWE_VOLVO_VIEW",
      "level" : "INSTANCE"
    }, {
      "name" : "IS-GROUPS-system_SCI_MWS_ROLE_LMSCI_ADM",
      "level" : "INSTANCE"
    }, {
      "name" : "IS-GROUPS-system_SCI_MWS_ROLE_SYS",
      "level" : "INSTANCE"
    }, {
      "name" : "IS-GROUPS-system_SCI_MWS_ROLE_UNI_UK_VIEW",
      "level" : "INSTANCE"
    }, {
      "name" : "IS-GROUPS-system_SCI_MWS_ROLE_UNI_VIEW",
      "level" : "INSTANCE"
    }, {
      "name" : "IS-GROUPS-system_SCI_MWS_ROLE_VIEW",
      "level" : "INSTANCE"
    }, {
      "name" : "IS-GROUPS-system_SCI_MWS_SuperUsersRole",
      "level" : "INSTANCE"
    }, {
      "name" : "IS-GROUPS-system_SCI_MWS_TN_VIEW",
      "level" : "INSTANCE"
    }, {
      "name" : "IS-GROUPS-system_TN--Administrators",
      "level" : "INSTANCE"
    }, {
      "name" : "IS-GROUPS-system_TN--MWS--Users",
      "level" : "INSTANCE"
    }, {
      "name" : "IS-GROUPS-system_TN--Onboarding--Users",
      "level" : "INSTANCE"
    }, {
      "name" : "IS-GROUPS-system_TN--Partners",
      "level" : "INSTANCE"
    }, {
      "name" : "IS-PACKAGES",
      "level" : "INSTANCE"
    }, {
      "name" : "IS-PRIMARYPORT",
      "level" : "INSTANCE"
    }, {
      "name" : "IS-PROVIDER-ENDPOINTS-HTTP-AG_LAN_applications",
      "level" : "INSTANCE"
    }, {
      "name" : "IS-PROVIDER-ENDPOINTS-HTTP-FO_UNI_Applications",
      "level" : "INSTANCE"
    }, {
      "name" : "IS-PROVIDER-ENDPOINTS-HTTP-MA_MAS_Applications",
      "level" : "INSTANCE"
    }, {
      "name" : "IS-PROVIDER-ENDPOINTS-HTTP-SCI_External_http",
      "level" : "INSTANCE"
    }, {
      "name" : "IS-PROVIDER-ENDPOINTS-HTTP-SCI_Internal_http",
      "level" : "INSTANCE"
    }, {
      "name" : "IS-PROVIDER-ENDPOINTS-HTTP-SCI_Internal_Optimize",
      "level" : "INSTANCE"
    }, {
      "name" : "IS-PROVIDER-ENDPOINTS-HTTPS-LMAG_LAN_InternalHttps",
      "level" : "INSTANCE"
    }, {
      "name" : "IS-PROVIDER-ENDPOINTS-HTTPS-SCI_External_https",
      "level" : "INSTANCE"
    }, {
      "name" : "IS-QUIESCEPORT",
      "level" : "INSTANCE"
    }, {
      "name" : "IS-RESOURCES",
      "level" : "INSTANCE"
    }, {
      "name" : "IS-SYSPROPS",
      "level" : "INSTANCE"
    }, {
      "name" : "JCE-POLICY-INFO",
      "level" : "INSTANCE"
    }, {
      "name" : "JDBC-ADAPTERS",
      "level" : "INSTANCE"
    } ]
  }, {
    "name" : "NODE-FIXES",
    "level" : "COMPONENT",
    "children" : [ {
      "name" : "com.softwareag.fixinstall.feature.patch.feature.group",
      "level" : "INSTANCE"
    }, {
      "name" : "wMFix.CAFRLib",
      "level" : "INSTANCE"
    }, {
      "name" : "wMFix.CCShared",
      "level" : "INSTANCE"
    }, {
      "name" : "wMFix.EDICore",
      "level" : "INSTANCE"
    }, {
      "name" : "wMFix.EDIINT",
      "level" : "INSTANCE"
    }, {
      "name" : "wMFix.integrationServer.ART",
      "level" : "INSTANCE"
    }, {
      "name" : "wMFix.integrationServer.Core",
      "level" : "INSTANCE"
    }, {
      "name" : "wMFix.integrationServer.FlatFile",
      "level" : "INSTANCE"
    }, {
      "name" : "wMFix.integrationServer.SPM",
      "level" : "INSTANCE"
    }, {
      "name" : "wMFix.jdbcAdapter",
      "level" : "INSTANCE"
    }, {
      "name" : "wMFix.MFTServer",
      "level" : "INSTANCE"
    }, {
      "name" : "wMFix.NUMClient.CommonLibraries",
      "level" : "INSTANCE"
    }, {
      "name" : "wMFix.NUMRepository.SharedBundles",
      "level" : "INSTANCE"
    }, {
      "name" : "wMFix.OPT.optimizeSharedLib",
      "level" : "INSTANCE"
    }, {
      "name" : "wMFix.OPT.wmOptimize",
      "level" : "INSTANCE"
    }, {
      "name" : "wMFix.SPM",
      "level" : "INSTANCE"
    }, {
      "name" : "wMFix.SUMApi",
      "level" : "INSTANCE"
    }, {
      "name" : "wMFix.TES",
      "level" : "INSTANCE"
    }, {
      "name" : "wMFix.TESCommon",
      "level" : "INSTANCE"
    }, {
      "name" : "wMFix.TNServer",
      "level" : "INSTANCE"
    }, {
      "name" : "wMFix.TPSddj",
      "level" : "INSTANCE"
    }, {
      "name" : "wMFix.WmDesigner",
      "level" : "INSTANCE"
    }, {
      "name" : "wMFix.WmMonitor",
      "level" : "INSTANCE"
    } ]
  }, {
    "name" : "NODE-PRODUCTS",
    "level" : "COMPONENT",
    "children" : [ {
      "name" : "ACDLDeployerSharedBundle",
      "level" : "INSTANCE"
    }, {
      "name" : "BrokerJMSShared",
      "level" : "INSTANCE"
    }, {
      "name" : "CAFRLib",
      "level" : "INSTANCE"
    }, {
      "name" : "CELSharedBundles",
      "level" : "INSTANCE"
    }, {
      "name" : "CMP_API",
      "level" : "INSTANCE"
    }, {
      "name" : "CustomInstall",
      "level" : "INSTANCE"
    }, {
      "name" : "DesignerSharedLib",
      "level" : "INSTANCE"
    }, {
      "name" : "DEVRuntime",
      "level" : "INSTANCE"
    }, {
      "name" : "DEVSharedBundles",
      "level" : "INSTANCE"
    }, {
      "name" : "DEVSharedLibs",
      "level" : "INSTANCE"
    }, {
      "name" : "EDAspm",
      "level" : "INSTANCE"
    }, {
      "name" : "EDICore",
      "level" : "INSTANCE"
    }, {
      "name" : "EDIINT",
      "level" : "INSTANCE"
    }, {
      "name" : "embeddedDatabaseScripts",
      "level" : "INSTANCE"
    }, {
      "name" : "ERSharedBundles",
      "level" : "INSTANCE"
    }, {
      "name" : "EventTypeCommon",
      "level" : "INSTANCE"
    }, {
      "name" : "EVS",
      "level" : "INSTANCE"
    }, {
      "name" : "EVSClouderaBundles",
      "level" : "INSTANCE"
    }, {
      "name" : "EVSDESSupportBundles",
      "level" : "INSTANCE"
    }, {
      "name" : "EVSDEVSupportLibs",
      "level" : "INSTANCE"
    }, {
      "name" : "EVSElasticsearch564Bundles",
      "level" : "INSTANCE"
    }, {
      "name" : "EVSElasticsearchBundles",
      "level" : "INSTANCE"
    }, {
      "name" : "EVSRuntimeBundles",
      "level" : "INSTANCE"
    }, {
      "name" : "INMSharedLibs",
      "level" : "INSTANCE"
    }, {
      "name" : "integrationServer",
      "level" : "INSTANCE"
    }, {
      "name" : "integrationServerMigrationFrameworkLib",
      "level" : "INSTANCE"
    }, {
      "name" : "integrationServerSubversion",
      "level" : "INSTANCE"
    }, {
      "name" : "ISSharedBundles",
      "level" : "INSTANCE"
    }, {
      "name" : "ISspm",
      "level" : "INSTANCE"
    }, {
      "name" : "jdbcAdapter",
      "level" : "INSTANCE"
    }, {
      "name" : "jsw",
      "level" : "INSTANCE"
    }, {
      "name" : "LARSharedBundles",
      "level" : "INSTANCE"
    }, {
      "name" : "license",
      "level" : "INSTANCE"
    }, {
      "name" : "LICRepository",
      "level" : "INSTANCE"
    }, {
      "name" : "LICSharedLibsJava",
      "level" : "INSTANCE"
    }, {
      "name" : "LICUtil",
      "level" : "INSTANCE"
    }, {
      "name" : "log4j",
      "level" : "INSTANCE"
    }, {
      "name" : "MfcAll",
      "level" : "INSTANCE"
    }, {
      "name" : "MFT",
      "level" : "INSTANCE"
    }, {
      "name" : "MFTspm",
      "level" : "INSTANCE"
    }, {
      "name" : "MFTSupport",
      "level" : "INSTANCE"
    }, {
      "name" : "Monitor",
      "level" : "INSTANCE"
    }, {
      "name" : "MWSSharedLib",
      "level" : "INSTANCE"
    }, {
      "name" : "NERV",
      "level" : "INSTANCE"
    }, {
      "name" : "NUMRepository",
      "level" : "INSTANCE"
    }, {
      "name" : "NUMSharedLibs",
      "level" : "INSTANCE"
    }, {
      "name" : "optimizeSharedLib",
      "level" : "INSTANCE"
    }, {
      "name" : "OSGI",
      "level" : "INSTANCE"
    }, {
      "name" : "PIEAssetPublisher",
      "level" : "INSTANCE"
    }, {
      "name" : "PIEContainerCommonDirectoryService",
      "level" : "INSTANCE"
    }, {
      "name" : "PIEContainerDigitalEventServices",
      "level" : "INSTANCE"
    }, {
      "name" : "PIEContainerEventRouting",
      "level" : "INSTANCE"
    }, {
      "name" : "PIEContainerExternalRDBMS",
      "level" : "INSTANCE"
    }, {
      "name" : "PIECore",
      "level" : "INSTANCE"
    }, {
      "name" : "PIFSharedBundles",
      "level" : "INSTANCE"
    }, {
      "name" : "SCGCommon",
      "level" : "INSTANCE"
    }, {
      "name" : "sjp",
      "level" : "INSTANCE"
    }, {
      "name" : "SPM",
      "level" : "INSTANCE"
    }, {
      "name" : "SSX",
      "level" : "INSTANCE"
    }, {
      "name" : "SSX_TLS",
      "level" : "INSTANCE"
    }, {
      "name" : "SUM",
      "level" : "INSTANCE"
    }, {
      "name" : "TES",
      "level" : "INSTANCE"
    }, {
      "name" : "TESCommon",
      "level" : "INSTANCE"
    }, {
      "name" : "TESOSGi",
      "level" : "INSTANCE"
    }, {
      "name" : "TESspm",
      "level" : "INSTANCE"
    }, {
      "name" : "TNServer",
      "level" : "INSTANCE"
    }, {
      "name" : "TNSspm",
      "level" : "INSTANCE"
    }, {
      "name" : "tppAnt",
      "level" : "INSTANCE"
    }, {
      "name" : "tppCommons",
      "level" : "INSTANCE"
    }, {
      "name" : "tppDB",
      "level" : "INSTANCE"
    }, {
      "name" : "tppGf",
      "level" : "INSTANCE"
    }, {
      "name" : "tppGfJaxb",
      "level" : "INSTANCE"
    }, {
      "name" : "tppMisc",
      "level" : "INSTANCE"
    }, {
      "name" : "tppModelling",
      "level" : "INSTANCE"
    }, {
      "name" : "tppParsers",
      "level" : "INSTANCE"
    }, {
      "name" : "tppSAML2",
      "level" : "INSTANCE"
    }, {
      "name" : "tppSEC",
      "level" : "INSTANCE"
    }, {
      "name" : "tppServlet",
      "level" : "INSTANCE"
    }, {
      "name" : "tppSpring",
      "level" : "INSTANCE"
    }, {
      "name" : "tppSwagger",
      "level" : "INSTANCE"
    }, {
      "name" : "tppWS",
      "level" : "INSTANCE"
    }, {
      "name" : "TPS",
      "level" : "INSTANCE"
    }, {
      "name" : "TPSddj",
      "level" : "INSTANCE"
    }, {
      "name" : "WARspm",
      "level" : "INSTANCE"
    }, {
      "name" : "WGLSharedLibs",
      "level" : "INSTANCE"
    }, {
      "name" : "WISSharedBundles",
      "level" : "INSTANCE"
    }, {
      "name" : "WISSharedLibs",
      "level" : "INSTANCE"
    }, {
      "name" : "WMNspm",
      "level" : "INSTANCE"
    }, {
      "name" : "wmOptimize",
      "level" : "INSTANCE"
    }, {
      "name" : "wmprt",
      "level" : "INSTANCE"
    }, {
      "name" : "WPEDesigner",
      "level" : "INSTANCE"
    }, {
      "name" : "WSIddj",
      "level" : "INSTANCE"
    }, {
      "name" : "WSSCore",
      "level" : "INSTANCE"
    }, {
      "name" : "WSSOSGi",
      "level" : "INSTANCE"
    } ]
  }, {
    "name" : "OSGI-IS_default",
    "level" : "COMPONENT",
    "children" : [ {
      "name" : "COMMON-ADMINUI",
      "level" : "INSTANCE"
    }, {
      "name" : "COMMON-CONFIGURATION-TYPE-METADATA-com.softwareag.plm.spm.spm.impl.CommonJDBCConfigurationTypeMetadata.xml",
      "level" : "INSTANCE"
    }, {
      "name" : "COMMON-CONFIGURATION-TYPE-METADATA-com.softwareag.plm.spm.spm.impl.CommonJMSConfigurationTypeMetadata.xml",
      "level" : "INSTANCE"
    }, {
      "name" : "COMMON-CONFIGURATION-TYPE-METADATA-com.softwareag.plm.spm.spm.impl.CommonJNDIConfigurationTypeMetadata.xml",
      "level" : "INSTANCE"
    }, {
      "name" : "COMMON-CONFIGURATION-TYPE-METADATA-com.softwareag.plm.spm.spm.impl.CommonKeystoresConfigurationTypeMetadata.xml",
      "level" : "INSTANCE"
    }, {
      "name" : "COMMON-CONFIGURATION-TYPE-METADATA-com.softwareag.plm.spm.spm.impl.CommonLocalUsersConfigurationTypeMetadata.xml",
      "level" : "INSTANCE"
    }, {
      "name" : "COMMON-CONFIGURATION-TYPE-METADATA-com.softwareag.plm.spm.spm.impl.CommonMessagingConfigurationTypeMetadata.xml",
      "level" : "INSTANCE"
    }, {
      "name" : "COMMON-CONFIGURATION-TYPE-METADATA-com.softwareag.plm.spm.spm.impl.CommonPortsConfigurationTypeMetadata.xml",
      "level" : "INSTANCE"
    }, {
      "name" : "COMMON-CONFIGURATION-TYPE-METADATA-com.softwareag.plm.spm.spm.impl.CommonSMTPConfigurationTypeMetadata.xml",
      "level" : "INSTANCE"
    }, {
      "name" : "COMMON-CONFIGURATION-TYPE-METADATA-com.softwareag.plm.spm.spm.impl.CommonSysPropsConfigurationTypeMetadata.xml",
      "level" : "INSTANCE"
    }, {
      "name" : "COMMON-CONFIGURATION-TYPE-METADATA-com.softwareag.plm.spm.spm.impl.CommonTruststoresConfigurationTypeMetadata.xml",
      "level" : "INSTANCE"
    }, {
      "name" : "COMMON-CONFIGURATION-TYPE-METADATA-com.softwareag.plm.spm.spm.impl.CommonVarsConfigurationTypeMetadata.xml",
      "level" : "INSTANCE"
    }, {
      "name" : "COMMON-JAVASYSPROPS",
      "level" : "INSTANCE"
    }, {
      "name" : "COMMON-JSW",
      "level" : "INSTANCE"
    }, {
      "name" : "COMMON-JVM-OPTIONS",
      "level" : "INSTANCE"
    }, {
      "name" : "COMMON-LOG-log_config.xml",
      "level" : "INSTANCE"
    }, {
      "name" : "COMMON-MEMORY",
      "level" : "INSTANCE"
    }, {
      "name" : "COMMON-PORTS-defaultHttp",
      "level" : "INSTANCE"
    }, {
      "name" : "COMMON-PORTS-defaultHttps",
      "level" : "INSTANCE"
    }, {
      "name" : "COMMON-PORTS-defaultJmx",
      "level" : "INSTANCE"
    }, {
      "name" : "COMMON-PORTS-diagnostics",
      "level" : "INSTANCE"
    }, {
      "name" : "COMMON-PORTS-ssh",
      "level" : "INSTANCE"
    }, {
      "name" : "COMMON-SYSPROPS",
      "level" : "INSTANCE"
    }, {
      "name" : "SAG-INSTALL-DIR",
      "level" : "INSTANCE"
    } ]
  }, {
    "name" : "OSGI-IS_default-DigitalEventServices",
    "level" : "COMPONENT",
    "children" : [ {
      "name" : "COMMON-CONFIGURATION-TYPE-METADATA-com.softwareag.plm.spm.spm.impl.CommonJDBCConfigurationTypeMetadata.xml",
      "level" : "INSTANCE"
    }, {
      "name" : "COMMON-CONFIGURATION-TYPE-METADATA-com.softwareag.plm.spm.spm.impl.CommonJMSConfigurationTypeMetadata.xml",
      "level" : "INSTANCE"
    }, {
      "name" : "COMMON-CONFIGURATION-TYPE-METADATA-com.softwareag.plm.spm.spm.impl.CommonJNDIConfigurationTypeMetadata.xml",
      "level" : "INSTANCE"
    }, {
      "name" : "COMMON-CONFIGURATION-TYPE-METADATA-com.softwareag.plm.spm.spm.impl.CommonKeystoresConfigurationTypeMetadata.xml",
      "level" : "INSTANCE"
    }, {
      "name" : "COMMON-CONFIGURATION-TYPE-METADATA-com.softwareag.plm.spm.spm.impl.CommonLocalUsersConfigurationTypeMetadata.xml",
      "level" : "INSTANCE"
    }, {
      "name" : "COMMON-CONFIGURATION-TYPE-METADATA-com.softwareag.plm.spm.spm.impl.CommonMessagingConfigurationTypeMetadata.xml",
      "level" : "INSTANCE"
    }, {
      "name" : "COMMON-CONFIGURATION-TYPE-METADATA-com.softwareag.plm.spm.spm.impl.CommonPortsConfigurationTypeMetadata.xml",
      "level" : "INSTANCE"
    }, {
      "name" : "COMMON-CONFIGURATION-TYPE-METADATA-com.softwareag.plm.spm.spm.impl.CommonSMTPConfigurationTypeMetadata.xml",
      "level" : "INSTANCE"
    }, {
      "name" : "COMMON-CONFIGURATION-TYPE-METADATA-com.softwareag.plm.spm.spm.impl.CommonSysPropsConfigurationTypeMetadata.xml",
      "level" : "INSTANCE"
    }, {
      "name" : "COMMON-CONFIGURATION-TYPE-METADATA-com.softwareag.plm.spm.spm.impl.CommonTruststoresConfigurationTypeMetadata.xml",
      "level" : "INSTANCE"
    }, {
      "name" : "COMMON-CONFIGURATION-TYPE-METADATA-com.softwareag.plm.spm.spm.impl.CommonVarsConfigurationTypeMetadata.xml",
      "level" : "INSTANCE"
    } ]
  }, {
    "name" : "OSGI-IS_default-EventRouting",
    "level" : "COMPONENT",
    "children" : [ {
      "name" : "COMMON-CONFIGURATION-TYPE-METADATA-com.softwareag.plm.spm.spm.impl.CommonJDBCConfigurationTypeMetadata.xml",
      "level" : "INSTANCE"
    }, {
      "name" : "COMMON-CONFIGURATION-TYPE-METADATA-com.softwareag.plm.spm.spm.impl.CommonJMSConfigurationTypeMetadata.xml",
      "level" : "INSTANCE"
    }, {
      "name" : "COMMON-CONFIGURATION-TYPE-METADATA-com.softwareag.plm.spm.spm.impl.CommonJNDIConfigurationTypeMetadata.xml",
      "level" : "INSTANCE"
    }, {
      "name" : "COMMON-CONFIGURATION-TYPE-METADATA-com.softwareag.plm.spm.spm.impl.CommonKeystoresConfigurationTypeMetadata.xml",
      "level" : "INSTANCE"
    }, {
      "name" : "COMMON-CONFIGURATION-TYPE-METADATA-com.softwareag.plm.spm.spm.impl.CommonLocalUsersConfigurationTypeMetadata.xml",
      "level" : "INSTANCE"
    }, {
      "name" : "COMMON-CONFIGURATION-TYPE-METADATA-com.softwareag.plm.spm.spm.impl.CommonMessagingConfigurationTypeMetadata.xml",
      "level" : "INSTANCE"
    }, {
      "name" : "COMMON-CONFIGURATION-TYPE-METADATA-com.softwareag.plm.spm.spm.impl.CommonPortsConfigurationTypeMetadata.xml",
      "level" : "INSTANCE"
    }, {
      "name" : "COMMON-CONFIGURATION-TYPE-METADATA-com.softwareag.plm.spm.spm.impl.CommonSMTPConfigurationTypeMetadata.xml",
      "level" : "INSTANCE"
    }, {
      "name" : "COMMON-CONFIGURATION-TYPE-METADATA-com.softwareag.plm.spm.spm.impl.CommonSysPropsConfigurationTypeMetadata.xml",
      "level" : "INSTANCE"
    }, {
      "name" : "COMMON-CONFIGURATION-TYPE-METADATA-com.softwareag.plm.spm.spm.impl.CommonTruststoresConfigurationTypeMetadata.xml",
      "level" : "INSTANCE"
    }, {
      "name" : "COMMON-CONFIGURATION-TYPE-METADATA-com.softwareag.plm.spm.spm.impl.CommonVarsConfigurationTypeMetadata.xml",
      "level" : "INSTANCE"
    }, {
      "name" : "Default",
      "level" : "INSTANCE"
    }, {
      "name" : "EventTypeAssociations",
      "level" : "INSTANCE"
    }, {
      "name" : "RuntimeConfiguration",
      "level" : "INSTANCE"
    }, {
      "name" : "UniversalMessaging",
      "level" : "INSTANCE"
    } ]
  }, {
    "name" : "OSGI-IS_default-MFT-ENGINE",
    "level" : "COMPONENT",
    "children" : [ {
      "name" : "COMMON-CONFIGURATION-TYPE-METADATA-com.softwareag.plm.spm.spm.impl.CommonJDBCConfigurationTypeMetadata.xml",
      "level" : "INSTANCE"
    }, {
      "name" : "COMMON-CONFIGURATION-TYPE-METADATA-com.softwareag.plm.spm.spm.impl.CommonJMSConfigurationTypeMetadata.xml",
      "level" : "INSTANCE"
    }, {
      "name" : "COMMON-CONFIGURATION-TYPE-METADATA-com.softwareag.plm.spm.spm.impl.CommonJNDIConfigurationTypeMetadata.xml",
      "level" : "INSTANCE"
    }, {
      "name" : "COMMON-CONFIGURATION-TYPE-METADATA-com.softwareag.plm.spm.spm.impl.CommonKeystoresConfigurationTypeMetadata.xml",
      "level" : "INSTANCE"
    }, {
      "name" : "COMMON-CONFIGURATION-TYPE-METADATA-com.softwareag.plm.spm.spm.impl.CommonLocalUsersConfigurationTypeMetadata.xml",
      "level" : "INSTANCE"
    }, {
      "name" : "COMMON-CONFIGURATION-TYPE-METADATA-com.softwareag.plm.spm.spm.impl.CommonMessagingConfigurationTypeMetadata.xml",
      "level" : "INSTANCE"
    }, {
      "name" : "COMMON-CONFIGURATION-TYPE-METADATA-com.softwareag.plm.spm.spm.impl.CommonPortsConfigurationTypeMetadata.xml",
      "level" : "INSTANCE"
    }, {
      "name" : "COMMON-CONFIGURATION-TYPE-METADATA-com.softwareag.plm.spm.spm.impl.CommonSMTPConfigurationTypeMetadata.xml",
      "level" : "INSTANCE"
    }, {
      "name" : "COMMON-CONFIGURATION-TYPE-METADATA-com.softwareag.plm.spm.spm.impl.CommonSysPropsConfigurationTypeMetadata.xml",
      "level" : "INSTANCE"
    }, {
      "name" : "COMMON-CONFIGURATION-TYPE-METADATA-com.softwareag.plm.spm.spm.impl.CommonTruststoresConfigurationTypeMetadata.xml",
      "level" : "INSTANCE"
    }, {
      "name" : "COMMON-CONFIGURATION-TYPE-METADATA-com.softwareag.plm.spm.spm.impl.CommonVarsConfigurationTypeMetadata.xml",
      "level" : "INSTANCE"
    } ]
  }, {
    "name" : "OSGI-IS_default-WmJDBCAdapter",
    "level" : "COMPONENT",
    "children" : [ {
      "name" : "ADAPTER-CONNECTIONS-LM_SCI_Config.jdbc_adapters-localIS",
      "level" : "INSTANCE"
    }, {
      "name" : "ADAPTER-CONNECTIONS-LM_SCI_Config.jdbc_adapters-M3_Vaasan_FI",
      "level" : "INSTANCE"
    }, {
      "name" : "ADAPTER-CONNECTIONS-LM_SCI_Config.jdbc_adapters-UNI_DK_OEE_Frontmatic",
      "level" : "INSTANCE"
    }, {
      "name" : "ADAPTER-CONNECTIONS-LM_SCI_Config.jdbc_adapters-UNI_DK_OEE_Operator",
      "level" : "INSTANCE"
    }, {
      "name" : "COMMON-CONFIGURATION-TYPE-METADATA-com.softwareag.plm.spm.spm.impl.CommonJDBCConfigurationTypeMetadata.xml",
      "level" : "INSTANCE"
    }, {
      "name" : "COMMON-CONFIGURATION-TYPE-METADATA-com.softwareag.plm.spm.spm.impl.CommonJMSConfigurationTypeMetadata.xml",
      "level" : "INSTANCE"
    }, {
      "name" : "COMMON-CONFIGURATION-TYPE-METADATA-com.softwareag.plm.spm.spm.impl.CommonJNDIConfigurationTypeMetadata.xml",
      "level" : "INSTANCE"
    }, {
      "name" : "COMMON-CONFIGURATION-TYPE-METADATA-com.softwareag.plm.spm.spm.impl.CommonKeystoresConfigurationTypeMetadata.xml",
      "level" : "INSTANCE"
    }, {
      "name" : "COMMON-CONFIGURATION-TYPE-METADATA-com.softwareag.plm.spm.spm.impl.CommonLocalUsersConfigurationTypeMetadata.xml",
      "level" : "INSTANCE"
    }, {
      "name" : "COMMON-CONFIGURATION-TYPE-METADATA-com.softwareag.plm.spm.spm.impl.CommonMessagingConfigurationTypeMetadata.xml",
      "level" : "INSTANCE"
    }, {
      "name" : "COMMON-CONFIGURATION-TYPE-METADATA-com.softwareag.plm.spm.spm.impl.CommonPortsConfigurationTypeMetadata.xml",
      "level" : "INSTANCE"
    }, {
      "name" : "COMMON-CONFIGURATION-TYPE-METADATA-com.softwareag.plm.spm.spm.impl.CommonSMTPConfigurationTypeMetadata.xml",
      "level" : "INSTANCE"
    }, {
      "name" : "COMMON-CONFIGURATION-TYPE-METADATA-com.softwareag.plm.spm.spm.impl.CommonSysPropsConfigurationTypeMetadata.xml",
      "level" : "INSTANCE"
    }, {
      "name" : "COMMON-CONFIGURATION-TYPE-METADATA-com.softwareag.plm.spm.spm.impl.CommonTruststoresConfigurationTypeMetadata.xml",
      "level" : "INSTANCE"
    }, {
      "name" : "COMMON-CONFIGURATION-TYPE-METADATA-com.softwareag.plm.spm.spm.impl.CommonVarsConfigurationTypeMetadata.xml",
      "level" : "INSTANCE"
    } ]
  }, {
    "name" : "OSGI-IS_default-WmMonitor",
    "level" : "COMPONENT",
    "children" : [ {
      "name" : "COMMON-COMPONENT-ENDPOINTS-MWS",
      "level" : "INSTANCE"
    }, {
      "name" : "COMMON-CONFIGURATION-TYPE-METADATA-com.softwareag.plm.spm.spm.impl.CommonJDBCConfigurationTypeMetadata.xml",
      "level" : "INSTANCE"
    }, {
      "name" : "COMMON-CONFIGURATION-TYPE-METADATA-com.softwareag.plm.spm.spm.impl.CommonJMSConfigurationTypeMetadata.xml",
      "level" : "INSTANCE"
    }, {
      "name" : "COMMON-CONFIGURATION-TYPE-METADATA-com.softwareag.plm.spm.spm.impl.CommonJNDIConfigurationTypeMetadata.xml",
      "level" : "INSTANCE"
    }, {
      "name" : "COMMON-CONFIGURATION-TYPE-METADATA-com.softwareag.plm.spm.spm.impl.CommonKeystoresConfigurationTypeMetadata.xml",
      "level" : "INSTANCE"
    }, {
      "name" : "COMMON-CONFIGURATION-TYPE-METADATA-com.softwareag.plm.spm.spm.impl.CommonLocalUsersConfigurationTypeMetadata.xml",
      "level" : "INSTANCE"
    }, {
      "name" : "COMMON-CONFIGURATION-TYPE-METADATA-com.softwareag.plm.spm.spm.impl.CommonMessagingConfigurationTypeMetadata.xml",
      "level" : "INSTANCE"
    }, {
      "name" : "COMMON-CONFIGURATION-TYPE-METADATA-com.softwareag.plm.spm.spm.impl.CommonPortsConfigurationTypeMetadata.xml",
      "level" : "INSTANCE"
    }, {
      "name" : "COMMON-CONFIGURATION-TYPE-METADATA-com.softwareag.plm.spm.spm.impl.CommonSMTPConfigurationTypeMetadata.xml",
      "level" : "INSTANCE"
    }, {
      "name" : "COMMON-CONFIGURATION-TYPE-METADATA-com.softwareag.plm.spm.spm.impl.CommonSysPropsConfigurationTypeMetadata.xml",
      "level" : "INSTANCE"
    }, {
      "name" : "COMMON-CONFIGURATION-TYPE-METADATA-com.softwareag.plm.spm.spm.impl.CommonTruststoresConfigurationTypeMetadata.xml",
      "level" : "INSTANCE"
    }, {
      "name" : "COMMON-CONFIGURATION-TYPE-METADATA-com.softwareag.plm.spm.spm.impl.CommonVarsConfigurationTypeMetadata.xml",
      "level" : "INSTANCE"
    } ]
  }, {
    "name" : "OSGI-SPM",
    "level" : "COMPONENT",
    "children" : [ {
      "name" : "COMMON-CONFIGURATION-TYPE-METADATA-com.softwareag.plm.spm.spm.impl.CommonJDBCConfigurationTypeMetadata.xml",
      "level" : "INSTANCE"
    }, {
      "name" : "COMMON-CONFIGURATION-TYPE-METADATA-com.softwareag.plm.spm.spm.impl.CommonJMSConfigurationTypeMetadata.xml",
      "level" : "INSTANCE"
    }, {
      "name" : "COMMON-CONFIGURATION-TYPE-METADATA-com.softwareag.plm.spm.spm.impl.CommonJNDIConfigurationTypeMetadata.xml",
      "level" : "INSTANCE"
    }, {
      "name" : "COMMON-CONFIGURATION-TYPE-METADATA-com.softwareag.plm.spm.spm.impl.CommonKeystoresConfigurationTypeMetadata.xml",
      "level" : "INSTANCE"
    }, {
      "name" : "COMMON-CONFIGURATION-TYPE-METADATA-com.softwareag.plm.spm.spm.impl.CommonLocalUsersConfigurationTypeMetadata.xml",
      "level" : "INSTANCE"
    }, {
      "name" : "COMMON-CONFIGURATION-TYPE-METADATA-com.softwareag.plm.spm.spm.impl.CommonMessagingConfigurationTypeMetadata.xml",
      "level" : "INSTANCE"
    }, {
      "name" : "COMMON-CONFIGURATION-TYPE-METADATA-com.softwareag.plm.spm.spm.impl.CommonPortsConfigurationTypeMetadata.xml",
      "level" : "INSTANCE"
    }, {
      "name" : "COMMON-CONFIGURATION-TYPE-METADATA-com.softwareag.plm.spm.spm.impl.CommonSMTPConfigurationTypeMetadata.xml",
      "level" : "INSTANCE"
    }, {
      "name" : "COMMON-CONFIGURATION-TYPE-METADATA-com.softwareag.plm.spm.spm.impl.CommonSysPropsConfigurationTypeMetadata.xml",
      "level" : "INSTANCE"
    }, {
      "name" : "COMMON-CONFIGURATION-TYPE-METADATA-com.softwareag.plm.spm.spm.impl.CommonTruststoresConfigurationTypeMetadata.xml",
      "level" : "INSTANCE"
    }, {
      "name" : "COMMON-CONFIGURATION-TYPE-METADATA-com.softwareag.plm.spm.spm.impl.CommonVarsConfigurationTypeMetadata.xml",
      "level" : "INSTANCE"
    }, {
      "name" : "COMMON-JAVASYSPROPS",
      "level" : "INSTANCE"
    }, {
      "name" : "COMMON-JSW",
      "level" : "INSTANCE"
    }, {
      "name" : "COMMON-JVM-OPTIONS",
      "level" : "INSTANCE"
    }, {
      "name" : "COMMON-LOCAL-USERS-Administrator",
      "level" : "INSTANCE"
    }, {
      "name" : "COMMON-LOG-log_config.xml",
      "level" : "INSTANCE"
    }, {
      "name" : "COMMON-MEMORY",
      "level" : "INSTANCE"
    }, {
      "name" : "COMMON-PORTS-defaultHttp",
      "level" : "INSTANCE"
    }, {
      "name" : "COMMON-PORTS-defaultHttps",
      "level" : "INSTANCE"
    }, {
      "name" : "COMMON-PORTS-defaultJmx",
      "level" : "INSTANCE"
    }, {
      "name" : "COMMON-PORTS-diagnostics",
      "level" : "INSTANCE"
    }, {
      "name" : "COMMON-PORTS-ssh",
      "level" : "INSTANCE"
    }, {
      "name" : "COMMON-SYSPROPS",
      "level" : "INSTANCE"
    }, {
      "name" : "SAG-INSTALL-DIR",
      "level" : "INSTANCE"
    } ]
  }, {
    "name" : "OSGI-SPM-EDA-DEPLOYER",
    "level" : "COMPONENT",
    "children" : [ {
      "name" : "COMMON-CONFIGURATION-TYPE-METADATA-com.softwareag.plm.spm.spm.impl.CommonJDBCConfigurationTypeMetadata.xml",
      "level" : "INSTANCE"
    }, {
      "name" : "COMMON-CONFIGURATION-TYPE-METADATA-com.softwareag.plm.spm.spm.impl.CommonJMSConfigurationTypeMetadata.xml",
      "level" : "INSTANCE"
    }, {
      "name" : "COMMON-CONFIGURATION-TYPE-METADATA-com.softwareag.plm.spm.spm.impl.CommonJNDIConfigurationTypeMetadata.xml",
      "level" : "INSTANCE"
    }, {
      "name" : "COMMON-CONFIGURATION-TYPE-METADATA-com.softwareag.plm.spm.spm.impl.CommonKeystoresConfigurationTypeMetadata.xml",
      "level" : "INSTANCE"
    }, {
      "name" : "COMMON-CONFIGURATION-TYPE-METADATA-com.softwareag.plm.spm.spm.impl.CommonLocalUsersConfigurationTypeMetadata.xml",
      "level" : "INSTANCE"
    }, {
      "name" : "COMMON-CONFIGURATION-TYPE-METADATA-com.softwareag.plm.spm.spm.impl.CommonMessagingConfigurationTypeMetadata.xml",
      "level" : "INSTANCE"
    }, {
      "name" : "COMMON-CONFIGURATION-TYPE-METADATA-com.softwareag.plm.spm.spm.impl.CommonPortsConfigurationTypeMetadata.xml",
      "level" : "INSTANCE"
    }, {
      "name" : "COMMON-CONFIGURATION-TYPE-METADATA-com.softwareag.plm.spm.spm.impl.CommonSMTPConfigurationTypeMetadata.xml",
      "level" : "INSTANCE"
    }, {
      "name" : "COMMON-CONFIGURATION-TYPE-METADATA-com.softwareag.plm.spm.spm.impl.CommonSysPropsConfigurationTypeMetadata.xml",
      "level" : "INSTANCE"
    }, {
      "name" : "COMMON-CONFIGURATION-TYPE-METADATA-com.softwareag.plm.spm.spm.impl.CommonTruststoresConfigurationTypeMetadata.xml",
      "level" : "INSTANCE"
    }, {
      "name" : "COMMON-CONFIGURATION-TYPE-METADATA-com.softwareag.plm.spm.spm.impl.CommonVarsConfigurationTypeMetadata.xml",
      "level" : "INSTANCE"
    } ]
  }, {
    "name" : "OSGI-SPM-ENGINE",
    "level" : "COMPONENT",
    "children" : [ {
      "name" : "com.softwareag.platform.management.common.inventory.InventoryService.pid",
      "level" : "INSTANCE"
    }, {
      "name" : "com.softwareag.platform.management.common.monitoring.BasicMonitoringService",
      "level" : "INSTANCE"
    }, {
      "name" : "COMMON-CONFIGURATION-TYPE-METADATA-com.softwareag.plm.spm.spm.impl.CommonJDBCConfigurationTypeMetadata.xml",
      "level" : "INSTANCE"
    }, {
      "name" : "COMMON-CONFIGURATION-TYPE-METADATA-com.softwareag.plm.spm.spm.impl.CommonJMSConfigurationTypeMetadata.xml",
      "level" : "INSTANCE"
    }, {
      "name" : "COMMON-CONFIGURATION-TYPE-METADATA-com.softwareag.plm.spm.spm.impl.CommonJNDIConfigurationTypeMetadata.xml",
      "level" : "INSTANCE"
    }, {
      "name" : "COMMON-CONFIGURATION-TYPE-METADATA-com.softwareag.plm.spm.spm.impl.CommonKeystoresConfigurationTypeMetadata.xml",
      "level" : "INSTANCE"
    }, {
      "name" : "COMMON-CONFIGURATION-TYPE-METADATA-com.softwareag.plm.spm.spm.impl.CommonLocalUsersConfigurationTypeMetadata.xml",
      "level" : "INSTANCE"
    }, {
      "name" : "COMMON-CONFIGURATION-TYPE-METADATA-com.softwareag.plm.spm.spm.impl.CommonMessagingConfigurationTypeMetadata.xml",
      "level" : "INSTANCE"
    }, {
      "name" : "COMMON-CONFIGURATION-TYPE-METADATA-com.softwareag.plm.spm.spm.impl.CommonPortsConfigurationTypeMetadata.xml",
      "level" : "INSTANCE"
    }, {
      "name" : "COMMON-CONFIGURATION-TYPE-METADATA-com.softwareag.plm.spm.spm.impl.CommonSMTPConfigurationTypeMetadata.xml",
      "level" : "INSTANCE"
    }, {
      "name" : "COMMON-CONFIGURATION-TYPE-METADATA-com.softwareag.plm.spm.spm.impl.CommonSysPropsConfigurationTypeMetadata.xml",
      "level" : "INSTANCE"
    }, {
      "name" : "COMMON-CONFIGURATION-TYPE-METADATA-com.softwareag.plm.spm.spm.impl.CommonTruststoresConfigurationTypeMetadata.xml",
      "level" : "INSTANCE"
    }, {
      "name" : "COMMON-CONFIGURATION-TYPE-METADATA-com.softwareag.plm.spm.spm.impl.CommonVarsConfigurationTypeMetadata.xml",
      "level" : "INSTANCE"
    }, {
      "name" : "COMMON-JAAS-jaas.config",
      "level" : "INSTANCE"
    }, {
      "name" : "COMMON-JAAS-REALMS-Default",
      "level" : "INSTANCE"
    }, {
      "name" : "COMMON-LOG-log_config.xml",
      "level" : "INSTANCE"
    }, {
      "name" : "REPOSITORY-sdc.softwareag.com-updates-prodRepo",
      "level" : "INSTANCE"
    }, {
      "name" : "REPOSITORY-SR05643-8092-fix-GATEWAY_MIRROR_V103_FIXES-repository",
      "level" : "INSTANCE"
    }, {
      "name" : "REPOSITORY-SR05643-8093-Gateway_Mirror2-repository",
      "level" : "INSTANCE"
    }, {
      "name" : "SIN-INTERNAL-GROUPS-groups.txt",
      "level" : "INSTANCE"
    }, {
      "name" : "SIN-INTERNAL-ROLES-roles.txt",
      "level" : "INSTANCE"
    }, {
      "name" : "SPM-NODEID",
      "level" : "INSTANCE"
    } ]
  }, {
    "name" : "TES-default",
    "level" : "COMPONENT",
    "children" : [ {
      "name" : "COMMON-CLUSTER",
      "level" : "INSTANCE"
    }, {
      "name" : "COMMON-CONFIGURATION-TYPE-METADATA-com.softwareag.plm.spm.spm.impl.CommonJDBCConfigurationTypeMetadata.xml",
      "level" : "INSTANCE"
    }, {
      "name" : "COMMON-CONFIGURATION-TYPE-METADATA-com.softwareag.plm.spm.spm.impl.CommonJMSConfigurationTypeMetadata.xml",
      "level" : "INSTANCE"
    }, {
      "name" : "COMMON-CONFIGURATION-TYPE-METADATA-com.softwareag.plm.spm.spm.impl.CommonJNDIConfigurationTypeMetadata.xml",
      "level" : "INSTANCE"
    }, {
      "name" : "COMMON-CONFIGURATION-TYPE-METADATA-com.softwareag.plm.spm.spm.impl.CommonKeystoresConfigurationTypeMetadata.xml",
      "level" : "INSTANCE"
    }, {
      "name" : "COMMON-CONFIGURATION-TYPE-METADATA-com.softwareag.plm.spm.spm.impl.CommonLocalUsersConfigurationTypeMetadata.xml",
      "level" : "INSTANCE"
    }, {
      "name" : "COMMON-CONFIGURATION-TYPE-METADATA-com.softwareag.plm.spm.spm.impl.CommonMessagingConfigurationTypeMetadata.xml",
      "level" : "INSTANCE"
    }, {
      "name" : "COMMON-CONFIGURATION-TYPE-METADATA-com.softwareag.plm.spm.spm.impl.CommonPortsConfigurationTypeMetadata.xml",
      "level" : "INSTANCE"
    }, {
      "name" : "COMMON-CONFIGURATION-TYPE-METADATA-com.softwareag.plm.spm.spm.impl.CommonSMTPConfigurationTypeMetadata.xml",
      "level" : "INSTANCE"
    }, {
      "name" : "COMMON-CONFIGURATION-TYPE-METADATA-com.softwareag.plm.spm.spm.impl.CommonSysPropsConfigurationTypeMetadata.xml",
      "level" : "INSTANCE"
    }, {
      "name" : "COMMON-CONFIGURATION-TYPE-METADATA-com.softwareag.plm.spm.spm.impl.CommonTruststoresConfigurationTypeMetadata.xml",
      "level" : "INSTANCE"
    }, {
      "name" : "COMMON-CONFIGURATION-TYPE-METADATA-com.softwareag.plm.spm.spm.impl.CommonVarsConfigurationTypeMetadata.xml",
      "level" : "INSTANCE"
    }, {
      "name" : "COMMON-LICENSE-TES",
      "level" : "INSTANCE"
    }, {
      "name" : "COMMON-LICLOC-TES",
      "level" : "INSTANCE"
    }, {
      "name" : "COMMON-MEMORY",
      "level" : "INSTANCE"
    }, {
      "name" : "COMMON-PORTS-GROUP",
      "level" : "INSTANCE"
    }, {
      "name" : "COMMON-PORTS-JMX",
      "level" : "INSTANCE"
    }, {
      "name" : "COMMON-PORTS-TSA",
      "level" : "INSTANCE"
    }, {
      "name" : "TC-CONFIG",
      "level" : "INSTANCE"
    }, {
      "name" : "TC-SERVER-NAME",
      "level" : "INSTANCE"
    } ]
  } ],
  "environment" : "PROD"
}