{"name":"Event Type Associations","namespaceNote":"Namespaces starting with \"http://namespaces.softwareag.com/EDA\" are abbreviated as \".../EDA\".","capacityNote":"Capacities are positive numbers, optionally followed by K/M/G, e.g. 10K.Type \"Default\" to reset a capacity to its default value.","defaultValues":{"inMem":"1000","onDisk":"1000000"},"types":{"type":[{"name":"MeasurementResult","namespace":"http://namespaces.softwareag.com/EDA/WebM/Analysis/1.0","displayNamespace":".../EDA/WebM/Analysis/1.0","serviceGroup":"Default","inMemoryCapacity":"Default","onDiskCapacity":"Default"},{"name":"MeasurementResultStatistics","namespace":"http://namespaces.softwareag.com/EDA/WebM/Analysis/1.0","displayNamespace":".../EDA/WebM/Analysis/1.0","serviceGroup":"Default","inMemoryCapacity":"Default","onDiskCapacity":"Default"},{"name":"BAMRuleStateChange","namespace":"http://namespaces.softwareag.com/EDA/WebM/BAM/Rule/1.0","displayNamespace":".../EDA/WebM/BAM/Rule/1.0","serviceGroup":"Default","inMemoryCapacity":"Default","onDiskCapacity":"Default"},{"name":"BAMRuleStateChange","namespace":"http://namespaces.softwareag.com/EDA/WebM/BAM/Rule/2.0","displayNamespace":".../EDA/WebM/BAM/Rule/2.0","serviceGroup":"Default","inMemoryCapacity":"Default","onDiskCapacity":"Default"},{"name":"MmsReceived","namespace":"http://namespaces.softwareag.com/EDA/WebM/Communication/Mms","displayNamespace":".../EDA/WebM/Communication/Mms","serviceGroup":"Default","inMemoryCapacity":"Default","onDiskCapacity":"Default"},{"name":"MmsSent","namespace":"http://namespaces.softwareag.com/EDA/WebM/Communication/Mms","displayNamespace":".../EDA/WebM/Communication/Mms","serviceGroup":"Default","inMemoryCapacity":"Default","onDiskCapacity":"Default"},{"name":"QueueAssigned","namespace":"http://namespaces.softwareag.com/EDA/WebM/Communication/Queue","displayNamespace":".../EDA/WebM/Communication/Queue","serviceGroup":"Default","inMemoryCapacity":"Default","onDiskCapacity":"Default"},{"name":"QueueEnter","namespace":"http://namespaces.softwareag.com/EDA/WebM/Communication/Queue","displayNamespace":".../EDA/WebM/Communication/Queue","serviceGroup":"Default","inMemoryCapacity":"Default","onDiskCapacity":"Default"},{"name":"QueueExit","namespace":"http://namespaces.softwareag.com/EDA/WebM/Communication/Queue","displayNamespace":".../EDA/WebM/Communication/Queue","serviceGroup":"Default","inMemoryCapacity":"Default","onDiskCapacity":"Default"},{"name":"QueueUnassigned","namespace":"http://namespaces.softwareag.com/EDA/WebM/Communication/Queue","displayNamespace":".../EDA/WebM/Communication/Queue","serviceGroup":"Default","inMemoryCapacity":"Default","onDiskCapacity":"Default"},{"name":"RecordingUploaded","namespace":"http://namespaces.softwareag.com/EDA/WebM/Communication/Recordings","displayNamespace":".../EDA/WebM/Communication/Recordings","serviceGroup":"Default","inMemoryCapacity":"Default","onDiskCapacity":"Default"},{"name":"SmsReceived","namespace":"http://namespaces.softwareag.com/EDA/WebM/Communication/Sms","displayNamespace":".../EDA/WebM/Communication/Sms","serviceGroup":"Default","inMemoryCapacity":"Default","onDiskCapacity":"Default"},{"name":"SmsSent","namespace":"http://namespaces.softwareag.com/EDA/WebM/Communication/Sms","displayNamespace":".../EDA/WebM/Communication/Sms","serviceGroup":"Default","inMemoryCapacity":"Default","onDiskCapacity":"Default"},{"name":"CallDetected","namespace":"http://namespaces.softwareag.com/EDA/WebM/Communication/Telephony","displayNamespace":".../EDA/WebM/Communication/Telephony","serviceGroup":"Default","inMemoryCapacity":"Default","onDiskCapacity":"Default"},{"name":"CallDisconnected","namespace":"http://namespaces.softwareag.com/EDA/WebM/Communication/Telephony","displayNamespace":".../EDA/WebM/Communication/Telephony","serviceGroup":"Default","inMemoryCapacity":"Default","onDiskCapacity":"Default"},{"name":"IncomingCallConnected","namespace":"http://namespaces.softwareag.com/EDA/WebM/Communication/Telephony","displayNamespace":".../EDA/WebM/Communication/Telephony","serviceGroup":"Default","inMemoryCapacity":"Default","onDiskCapacity":"Default"},{"name":"OutgoingCallConnected","namespace":"http://namespaces.softwareag.com/EDA/WebM/Communication/Telephony","displayNamespace":".../EDA/WebM/Communication/Telephony","serviceGroup":"Default","inMemoryCapacity":"Default","onDiskCapacity":"Default"},{"name":"TweetReceivedNegativeUserCount","namespace":"http://namespaces.softwareag.com/EDA/WebM/Communication/Twitter/1.1/Counts","displayNamespace":".../EDA/WebM/Communication/Twitter/1.1/Counts","serviceGroup":"Default","inMemoryCapacity":"Default","onDiskCapacity":"Default"},{"name":"TweetReceivedUserCount","namespace":"http://namespaces.softwareag.com/EDA/WebM/Communication/Twitter/1.1/Counts","displayNamespace":".../EDA/WebM/Communication/Twitter/1.1/Counts","serviceGroup":"Default","inMemoryCapacity":"Default","onDiskCapacity":"Default"},{"name":"TweetReceived","namespace":"http://namespaces.softwareag.com/EDA/WebM/Communication/Twitter/1.1","displayNamespace":".../EDA/WebM/Communication/Twitter/1.1","serviceGroup":"Default","inMemoryCapacity":"Default","onDiskCapacity":"Default"},{"name":"TweetReceivedNegative","namespace":"http://namespaces.softwareag.com/EDA/WebM/Communication/Twitter/1.1","displayNamespace":".../EDA/WebM/Communication/Twitter/1.1","serviceGroup":"Default","inMemoryCapacity":"Default","onDiskCapacity":"Default"},{"name":"UserAssigned","namespace":"http://namespaces.softwareag.com/EDA/WebM/Communication/User","displayNamespace":".../EDA/WebM/Communication/User","serviceGroup":"Default","inMemoryCapacity":"Default","onDiskCapacity":"Default"},{"name":"UserStateChanged","namespace":"http://namespaces.softwareag.com/EDA/WebM/Communication/User","displayNamespace":".../EDA/WebM/Communication/User","serviceGroup":"Default","inMemoryCapacity":"Default","onDiskCapacity":"Default"},{"name":"DBTablesChange","namespace":"http://namespaces.softwareag.com/EDA/WebM/Database/1.0","displayNamespace":".../EDA/WebM/Database/1.0","serviceGroup":"Default","inMemoryCapacity":"Default","onDiskCapacity":"Default"},{"name":"EventTypeDeploymentChange","namespace":"http://namespaces.softwareag.com/EDA/WebM/Deployment/1.0","displayNamespace":".../EDA/WebM/Deployment/1.0","serviceGroup":"Default","inMemoryCapacity":"Default","onDiskCapacity":"Default"},{"name":"PersistenceError","namespace":"http://namespaces.softwareag.com/EDA/WebM/EventPersistence/1.0","displayNamespace":".../EDA/WebM/EventPersistence/1.0","serviceGroup":"Default","inMemoryCapacity":"Default","onDiskCapacity":"Default"},{"name":"SubscriptionChange","namespace":"http://namespaces.softwareag.com/EDA/WebM/EventSubscriptionMgmt","displayNamespace":".../EDA/WebM/EventSubscriptionMgmt","serviceGroup":"Default","inMemoryCapacity":"Default","onDiskCapacity":"Default"},{"name":"UddiFederation","namespace":"http://namespaces.softwareag.com/EDA/WebM/Federation/Uddi/3.0","displayNamespace":".../EDA/WebM/Federation/Uddi/3.0","serviceGroup":"Default","inMemoryCapacity":"Default","onDiskCapacity":"Default"},{"name":"MediatorEvent","namespace":"http://namespaces.softwareag.com/EDA/WebM/Mediator/1.0","displayNamespace":".../EDA/WebM/Mediator/1.0","serviceGroup":"Default","inMemoryCapacity":"Default","onDiskCapacity":"Default"},{"name":"AlertEvent","namespace":"http://namespaces.softwareag.com/EDA/WebM/PlatformManagement/1.0","displayNamespace":".../EDA/WebM/PlatformManagement/1.0","serviceGroup":"Default","inMemoryCapacity":"Default","onDiskCapacity":"Default"},{"name":"MonitoringState","namespace":"http://namespaces.softwareag.com/EDA/WebM/PlatformManagement/1.0","displayNamespace":".../EDA/WebM/PlatformManagement/1.0","serviceGroup":"Default","inMemoryCapacity":"Default","onDiskCapacity":"Default"},{"name":"ProductInventoryChange","namespace":"http://namespaces.softwareag.com/EDA/WebM/PlatformManagement/1.0","displayNamespace":".../EDA/WebM/PlatformManagement/1.0","serviceGroup":"Default","inMemoryCapacity":"Default","onDiskCapacity":"Default"},{"name":"RuntimeComponentInventoryChange","namespace":"http://namespaces.softwareag.com/EDA/WebM/PlatformManagement/1.0","displayNamespace":".../EDA/WebM/PlatformManagement/1.0","serviceGroup":"Default","inMemoryCapacity":"Default","onDiskCapacity":"Default"},{"name":"RuntimeError","namespace":"http://namespaces.softwareag.com/EDA/WebM/PlatformManagement/1.0","displayNamespace":".../EDA/WebM/PlatformManagement/1.0","serviceGroup":"Default","inMemoryCapacity":"Default","onDiskCapacity":"Default"},{"name":"RuntimeStateChange","namespace":"http://namespaces.softwareag.com/EDA/WebM/PlatformManagement/1.0","displayNamespace":".../EDA/WebM/PlatformManagement/1.0","serviceGroup":"Default","inMemoryCapacity":"Default","onDiskCapacity":"Default"},{"name":"RuntimeStatusChange","namespace":"http://namespaces.softwareag.com/EDA/WebM/PlatformManagement/1.0","displayNamespace":".../EDA/WebM/PlatformManagement/1.0","serviceGroup":"Default","inMemoryCapacity":"Default","onDiskCapacity":"Default"},{"name":"ProcessInstanceAbnormalDuration","namespace":"http://namespaces.softwareag.com/EDA/WebM/Process/1.0","displayNamespace":".../EDA/WebM/Process/1.0","serviceGroup":"Default","inMemoryCapacity":"Default","onDiskCapacity":"Default"},{"name":"ProcessInstanceDuration","namespace":"http://namespaces.softwareag.com/EDA/WebM/Process/1.0","displayNamespace":".../EDA/WebM/Process/1.0","serviceGroup":"Default","inMemoryCapacity":"Default","onDiskCapacity":"Default"},{"name":"ProcessInstanceTimeout","namespace":"http://namespaces.softwareag.com/EDA/WebM/Process/1.0","displayNamespace":".../EDA/WebM/Process/1.0","serviceGroup":"Default","inMemoryCapacity":"Default","onDiskCapacity":"Default"},{"name":"ProcessInstanceUnexpectedChange","namespace":"http://namespaces.softwareag.com/EDA/WebM/Process/1.0","displayNamespace":".../EDA/WebM/Process/1.0","serviceGroup":"Default","inMemoryCapacity":"Default","onDiskCapacity":"Default"},{"name":"ProcessModelDurationStatistics","namespace":"http://namespaces.softwareag.com/EDA/WebM/Process/1.0","displayNamespace":".../EDA/WebM/Process/1.0","serviceGroup":"Default","inMemoryCapacity":"Default","onDiskCapacity":"Default"},{"name":"ProcessStageBreached","namespace":"http://namespaces.softwareag.com/EDA/WebM/Process/1.0","displayNamespace":".../EDA/WebM/Process/1.0","serviceGroup":"Default","inMemoryCapacity":"Default","onDiskCapacity":"Default"},{"name":"ProcessStageCompleted","namespace":"http://namespaces.softwareag.com/EDA/WebM/Process/1.0","displayNamespace":".../EDA/WebM/Process/1.0","serviceGroup":"Default","inMemoryCapacity":"Default","onDiskCapacity":"Default"},{"name":"ProcessStageDefinitionsChange","namespace":"http://namespaces.softwareag.com/EDA/WebM/Process/1.0","displayNamespace":".../EDA/WebM/Process/1.0","serviceGroup":"Default","inMemoryCapacity":"Default","onDiskCapacity":"Default"},{"name":"ProcessStageStarted","namespace":"http://namespaces.softwareag.com/EDA/WebM/Process/1.0","displayNamespace":".../EDA/WebM/Process/1.0","serviceGroup":"Default","inMemoryCapacity":"Default","onDiskCapacity":"Default"},{"name":"ProcessStepInstanceAbnormalDuration","namespace":"http://namespaces.softwareag.com/EDA/WebM/Process/1.0","displayNamespace":".../EDA/WebM/Process/1.0","serviceGroup":"Default","inMemoryCapacity":"Default","onDiskCapacity":"Default"},{"name":"ProcessStepInstanceAbnormalDurationLongTerm","namespace":"http://namespaces.softwareag.com/EDA/WebM/Process/1.0","displayNamespace":".../EDA/WebM/Process/1.0","serviceGroup":"Default","inMemoryCapacity":"Default","onDiskCapacity":"Default"},{"name":"ProcessStepInstanceDuration","namespace":"http://namespaces.softwareag.com/EDA/WebM/Process/1.0","displayNamespace":".../EDA/WebM/Process/1.0","serviceGroup":"Default","inMemoryCapacity":"Default","onDiskCapacity":"Default"},{"name":"ProcessStepInstanceTimeout","namespace":"http://namespaces.softwareag.com/EDA/WebM/Process/1.0","displayNamespace":".../EDA/WebM/Process/1.0","serviceGroup":"Default","inMemoryCapacity":"Default","onDiskCapacity":"Default"},{"name":"ProcessStepInstanceUnexpectedChange","namespace":"http://namespaces.softwareag.com/EDA/WebM/Process/1.0","displayNamespace":".../EDA/WebM/Process/1.0","serviceGroup":"Default","inMemoryCapacity":"Default","onDiskCapacity":"Default"},{"name":"ProcessStepModelDurationStatistics","namespace":"http://namespaces.softwareag.com/EDA/WebM/Process/1.0","displayNamespace":".../EDA/WebM/Process/1.0","serviceGroup":"Default","inMemoryCapacity":"Default","onDiskCapacity":"Default"},{"name":"ProcessInstanceChange","namespace":"http://namespaces.softwareag.com/EDA/WebM/Process/2.0","displayNamespace":".../EDA/WebM/Process/2.0","serviceGroup":"Default","inMemoryCapacity":"Default","onDiskCapacity":"Default"},{"name":"ProcessInstanceDuration","namespace":"http://namespaces.softwareag.com/EDA/WebM/Process/2.0","displayNamespace":".../EDA/WebM/Process/2.0","serviceGroup":"Default","inMemoryCapacity":"Default","onDiskCapacity":"Default"},{"name":"ProcessInstanceError","namespace":"http://namespaces.softwareag.com/EDA/WebM/Process/2.0","displayNamespace":".../EDA/WebM/Process/2.0","serviceGroup":"Default","inMemoryCapacity":"Default","onDiskCapacity":"Default"},{"name":"ProcessInstanceLogCustomId","namespace":"http://namespaces.softwareag.com/EDA/WebM/Process/2.0","displayNamespace":".../EDA/WebM/Process/2.0","serviceGroup":"Default","inMemoryCapacity":"Default","onDiskCapacity":"Default"},{"name":"ProcessInstanceLogMessage","namespace":"http://namespaces.softwareag.com/EDA/WebM/Process/2.0","displayNamespace":".../EDA/WebM/Process/2.0","serviceGroup":"Default","inMemoryCapacity":"Default","onDiskCapacity":"Default"},{"name":"ProcessStepInstanceChange","namespace":"http://namespaces.softwareag.com/EDA/WebM/Process/2.0","displayNamespace":".../EDA/WebM/Process/2.0","serviceGroup":"Default","inMemoryCapacity":"Default","onDiskCapacity":"Default"},{"name":"ProcessStepInstanceDuration","namespace":"http://namespaces.softwareag.com/EDA/WebM/Process/2.0","displayNamespace":".../EDA/WebM/Process/2.0","serviceGroup":"Default","inMemoryCapacity":"Default","onDiskCapacity":"Default"},{"name":"ProcessStepInstanceError","namespace":"http://namespaces.softwareag.com/EDA/WebM/Process/2.0","displayNamespace":".../EDA/WebM/Process/2.0","serviceGroup":"Default","inMemoryCapacity":"Default","onDiskCapacity":"Default"},{"name":"ProcessStepInstanceTransition","namespace":"http://namespaces.softwareag.com/EDA/WebM/Process/2.0","displayNamespace":".../EDA/WebM/Process/2.0","serviceGroup":"Default","inMemoryCapacity":"Default","onDiskCapacity":"Default"},{"name":"ProcessStepInstanceUnexpectedChange","namespace":"http://namespaces.softwareag.com/EDA/WebM/Process/2.0","displayNamespace":".../EDA/WebM/Process/2.0","serviceGroup":"Default","inMemoryCapacity":"Default","onDiskCapacity":"Default"},{"name":"ProcessStepLoopInstanceChange","namespace":"http://namespaces.softwareag.com/EDA/WebM/Process/2.0","displayNamespace":".../EDA/WebM/Process/2.0","serviceGroup":"Default","inMemoryCapacity":"Default","onDiskCapacity":"Default"},{"name":"ProcessErrorCount","namespace":"http://namespaces.softwareag.com/EDA/WebM/Process/BAM/1.0","displayNamespace":".../EDA/WebM/Process/BAM/1.0","serviceGroup":"Default","inMemoryCapacity":"Default","onDiskCapacity":"Default"},{"name":"ProcessInstanceStatusChange","namespace":"http://namespaces.softwareag.com/EDA/WebM/Process/BAM/1.0","displayNamespace":".../EDA/WebM/Process/BAM/1.0","serviceGroup":"Default","inMemoryCapacity":"Default","onDiskCapacity":"Default"},{"name":"ProcessStageInstanceChange","namespace":"http://namespaces.softwareag.com/EDA/WebM/Process/BAM/1.0","displayNamespace":".../EDA/WebM/Process/BAM/1.0","serviceGroup":"Default","inMemoryCapacity":"Default","onDiskCapacity":"Default"},{"name":"ProcessStageInstanceDuration","namespace":"http://namespaces.softwareag.com/EDA/WebM/Process/BAM/1.0","displayNamespace":".../EDA/WebM/Process/BAM/1.0","serviceGroup":"Default","inMemoryCapacity":"Default","onDiskCapacity":"Default"},{"name":"StepErrorCount","namespace":"http://namespaces.softwareag.com/EDA/WebM/Process/BAM/1.0","displayNamespace":".../EDA/WebM/Process/BAM/1.0","serviceGroup":"Default","inMemoryCapacity":"Default","onDiskCapacity":"Default"},{"name":"StepWaitTime","namespace":"http://namespaces.softwareag.com/EDA/WebM/Process/BAM/1.0","displayNamespace":".../EDA/WebM/Process/BAM/1.0","serviceGroup":"Default","inMemoryCapacity":"Default","onDiskCapacity":"Default"},{"name":"Changes","namespace":"http://namespaces.softwareag.com/EDA/WebM/Rules/Auditing/1.0","displayNamespace":".../EDA/WebM/Rules/Auditing/1.0","serviceGroup":"Default","inMemoryCapacity":"Default","onDiskCapacity":"Default"},{"name":"ProjectDeployed","namespace":"http://namespaces.softwareag.com/EDA/WebM/Rules/Auditing/1.0","displayNamespace":".../EDA/WebM/Rules/Auditing/1.0","serviceGroup":"Default","inMemoryCapacity":"Default","onDiskCapacity":"Default"},{"name":"ProjectExported","namespace":"http://namespaces.softwareag.com/EDA/WebM/Rules/Auditing/1.0","displayNamespace":".../EDA/WebM/Rules/Auditing/1.0","serviceGroup":"Default","inMemoryCapacity":"Default","onDiskCapacity":"Default"},{"name":"ProjectImported","namespace":"http://namespaces.softwareag.com/EDA/WebM/Rules/Auditing/1.0","displayNamespace":".../EDA/WebM/Rules/Auditing/1.0","serviceGroup":"Default","inMemoryCapacity":"Default","onDiskCapacity":"Default"},{"name":"ProjectUndeployed","namespace":"http://namespaces.softwareag.com/EDA/WebM/Rules/Auditing/1.0","displayNamespace":".../EDA/WebM/Rules/Auditing/1.0","serviceGroup":"Default","inMemoryCapacity":"Default","onDiskCapacity":"Default"},{"name":"RMCHotDeploymentStarted","namespace":"http://namespaces.softwareag.com/EDA/WebM/Rules/Auditing/1.0","displayNamespace":".../EDA/WebM/Rules/Auditing/1.0","serviceGroup":"Default","inMemoryCapacity":"Default","onDiskCapacity":"Default"},{"name":"RMCSaved","namespace":"http://namespaces.softwareag.com/EDA/WebM/Rules/Auditing/1.0","displayNamespace":".../EDA/WebM/Rules/Auditing/1.0","serviceGroup":"Default","inMemoryCapacity":"Default","onDiskCapacity":"Default"},{"name":"DecisionEntityChanged","namespace":"http://namespaces.softwareag.com/EDA/WebM/Rules/Auditing/2.0","displayNamespace":".../EDA/WebM/Rules/Auditing/2.0","serviceGroup":"Default","inMemoryCapacity":"Default","onDiskCapacity":"Default"},{"name":"ProjectDeleted","namespace":"http://namespaces.softwareag.com/EDA/WebM/Rules/Auditing/2.0","displayNamespace":".../EDA/WebM/Rules/Auditing/2.0","serviceGroup":"Default","inMemoryCapacity":"Default","onDiskCapacity":"Default"},{"name":"ProjectDeployed","namespace":"http://namespaces.softwareag.com/EDA/WebM/Rules/Auditing/2.0","displayNamespace":".../EDA/WebM/Rules/Auditing/2.0","serviceGroup":"Default","inMemoryCapacity":"Default","onDiskCapacity":"Default"},{"name":"ProjectExported","namespace":"http://namespaces.softwareag.com/EDA/WebM/Rules/Auditing/2.0","displayNamespace":".../EDA/WebM/Rules/Auditing/2.0","serviceGroup":"Default","inMemoryCapacity":"Default","onDiskCapacity":"Default"},{"name":"ProjectImported","namespace":"http://namespaces.softwareag.com/EDA/WebM/Rules/Auditing/2.0","displayNamespace":".../EDA/WebM/Rules/Auditing/2.0","serviceGroup":"Default","inMemoryCapacity":"Default","onDiskCapacity":"Default"},{"name":"ProjectUndeployed","namespace":"http://namespaces.softwareag.com/EDA/WebM/Rules/Auditing/2.0","displayNamespace":".../EDA/WebM/Rules/Auditing/2.0","serviceGroup":"Default","inMemoryCapacity":"Default","onDiskCapacity":"Default"},{"name":"RMCHotDeploymentStarted","namespace":"http://namespaces.softwareag.com/EDA/WebM/Rules/Auditing/2.0","displayNamespace":".../EDA/WebM/Rules/Auditing/2.0","serviceGroup":"Default","inMemoryCapacity":"Default","onDiskCapacity":"Default"},{"name":"ProcessEscalation","namespace":"http://namespaces.softwareag.com/EDA/WebM/Rules/CLA/1.0","displayNamespace":".../EDA/WebM/Rules/CLA/1.0","serviceGroup":"Default","inMemoryCapacity":"Default","onDiskCapacity":"Default"},{"name":"CableboxHealth","namespace":"http://namespaces.softwareag.com/EDA/WebM/Sample/CableboxMonitoring","displayNamespace":".../EDA/WebM/Sample/CableboxMonitoring","serviceGroup":"Default","inMemoryCapacity":"Default","onDiskCapacity":"Default"},{"name":"CableboxHealthList","namespace":"http://namespaces.softwareag.com/EDA/WebM/Sample/CableboxMonitoring","displayNamespace":".../EDA/WebM/Sample/CableboxMonitoring","serviceGroup":"Default","inMemoryCapacity":"Default","onDiskCapacity":"Default"},{"name":"PartInventoryLow","namespace":"http://namespaces.softwareag.com/EDA/WebM/Sample/InventoryMgmt/1.0","displayNamespace":".../EDA/WebM/Sample/InventoryMgmt/1.0","serviceGroup":"Default","inMemoryCapacity":"Default","onDiskCapacity":"Default"},{"name":"PartInventoryShortage","namespace":"http://namespaces.softwareag.com/EDA/WebM/Sample/InventoryMgmt/1.0","displayNamespace":".../EDA/WebM/Sample/InventoryMgmt/1.0","serviceGroup":"Default","inMemoryCapacity":"Default","onDiskCapacity":"Default"},{"name":"PurchaseOrderCreated","namespace":"http://namespaces.softwareag.com/EDA/WebM/Sample/OrderManagement/1.0","displayNamespace":".../EDA/WebM/Sample/OrderManagement/1.0","serviceGroup":"Default","inMemoryCapacity":"Default","onDiskCapacity":"Default"},{"name":"PurchaseOrderUpdated","namespace":"http://namespaces.softwareag.com/EDA/WebM/Sample/OrderManagement/1.0","displayNamespace":".../EDA/WebM/Sample/OrderManagement/1.0","serviceGroup":"Default","inMemoryCapacity":"Default","onDiskCapacity":"Default"},{"name":"PurchaseOrderCreated","namespace":"http://namespaces.softwareag.com/EDA/WebM/Sample/OrderManagement/1.1","displayNamespace":".../EDA/WebM/Sample/OrderManagement/1.1","serviceGroup":"Default","inMemoryCapacity":"Default","onDiskCapacity":"Default"},{"name":"PurchaseOrderUpdated","namespace":"http://namespaces.softwareag.com/EDA/WebM/Sample/OrderManagement/1.1","displayNamespace":".../EDA/WebM/Sample/OrderManagement/1.1","serviceGroup":"Default","inMemoryCapacity":"Default","onDiskCapacity":"Default"},{"name":"BoothDemo","namespace":"http://namespaces.softwareag.com/EDA/WebM/Sample/Pulse","displayNamespace":".../EDA/WebM/Sample/Pulse","serviceGroup":"Default","inMemoryCapacity":"Default","onDiskCapacity":"Default"},{"name":"CreditCardReview","namespace":"http://namespaces.softwareag.com/EDA/WebM/Sample/Pulse","displayNamespace":".../EDA/WebM/Sample/Pulse","serviceGroup":"Default","inMemoryCapacity":"Default","onDiskCapacity":"Default"},{"name":"Enhancement","namespace":"http://namespaces.softwareag.com/EDA/WebM/Sample/Pulse","displayNamespace":".../EDA/WebM/Sample/Pulse","serviceGroup":"Default","inMemoryCapacity":"Default","onDiskCapacity":"Default"},{"name":"FeedBack","namespace":"http://namespaces.softwareag.com/EDA/WebM/Sample/Pulse","displayNamespace":".../EDA/WebM/Sample/Pulse","serviceGroup":"Default","inMemoryCapacity":"Default","onDiskCapacity":"Default"},{"name":"GlobalServicesUpdate","namespace":"http://namespaces.softwareag.com/EDA/WebM/Sample/Pulse","displayNamespace":".../EDA/WebM/Sample/Pulse","serviceGroup":"Default","inMemoryCapacity":"Default","onDiskCapacity":"Default"},{"name":"PersonalUpdate","namespace":"http://namespaces.softwareag.com/EDA/WebM/Sample/Pulse","displayNamespace":".../EDA/WebM/Sample/Pulse","serviceGroup":"Default","inMemoryCapacity":"Default","onDiskCapacity":"Default"},{"name":"PressRelease","namespace":"http://namespaces.softwareag.com/EDA/WebM/Sample/Pulse","displayNamespace":".../EDA/WebM/Sample/Pulse","serviceGroup":"Default","inMemoryCapacity":"Default","onDiskCapacity":"Default"},{"name":"ProductIssue","namespace":"http://namespaces.softwareag.com/EDA/WebM/Sample/Pulse","displayNamespace":".../EDA/WebM/Sample/Pulse","serviceGroup":"Default","inMemoryCapacity":"Default","onDiskCapacity":"Default"},{"name":"ReplyEvent","namespace":"http://namespaces.softwareag.com/EDA/WebM/Sample/Pulse","displayNamespace":".../EDA/WebM/Sample/Pulse","serviceGroup":"Default","inMemoryCapacity":"Default","onDiskCapacity":"Default"},{"name":"SalesForceWin","namespace":"http://namespaces.softwareag.com/EDA/WebM/Sample/Pulse","displayNamespace":".../EDA/WebM/Sample/Pulse","serviceGroup":"Default","inMemoryCapacity":"Default","onDiskCapacity":"Default"},{"name":"TwitterUpdate","namespace":"http://namespaces.softwareag.com/EDA/WebM/Sample/Pulse","displayNamespace":".../EDA/WebM/Sample/Pulse","serviceGroup":"Default","inMemoryCapacity":"Default","onDiskCapacity":"Default"},{"name":"ResourceLogin","namespace":"http://namespaces.softwareag.com/EDA/WebM/Security/1.0","displayNamespace":".../EDA/WebM/Security/1.0","serviceGroup":"Default","inMemoryCapacity":"Default","onDiskCapacity":"Default"},{"name":"TaskChanged","namespace":"http://namespaces.softwareag.com/EDA/WebM/Task/1.0","displayNamespace":".../EDA/WebM/Task/1.0","serviceGroup":"Default","inMemoryCapacity":"Default","onDiskCapacity":"Default"},{"name":"AlertEmail","namespace":"http://namespaces.softwareag.com/EDA/WebM/TN/1.0","displayNamespace":".../EDA/WebM/TN/1.0","serviceGroup":"Default","inMemoryCapacity":"Default","onDiskCapacity":"Default"},{"name":"BatchDeliveryComplete","namespace":"http://namespaces.softwareag.com/EDA/WebM/TN/1.0","displayNamespace":".../EDA/WebM/TN/1.0","serviceGroup":"Default","inMemoryCapacity":"Default","onDiskCapacity":"Default"},{"name":"DocumentAttributeAdded","namespace":"http://namespaces.softwareag.com/EDA/WebM/TN/1.0","displayNamespace":".../EDA/WebM/TN/1.0","serviceGroup":"Default","inMemoryCapacity":"Default","onDiskCapacity":"Default"},{"name":"DocumentPersisted","namespace":"http://namespaces.softwareag.com/EDA/WebM/TN/1.0","displayNamespace":".../EDA/WebM/TN/1.0","serviceGroup":"Default","inMemoryCapacity":"Default","onDiskCapacity":"Default"},{"name":"DocumentProcessingComplete","namespace":"http://namespaces.softwareag.com/EDA/WebM/TN/1.0","displayNamespace":".../EDA/WebM/TN/1.0","serviceGroup":"Default","inMemoryCapacity":"Default","onDiskCapacity":"Default"},{"name":"EnqueuedDocument","namespace":"http://namespaces.softwareag.com/EDA/WebM/TN/1.0","displayNamespace":".../EDA/WebM/TN/1.0","serviceGroup":"Default","inMemoryCapacity":"Default","onDiskCapacity":"Default"},{"name":"ImmediateDeliveryComplete","namespace":"http://namespaces.softwareag.com/EDA/WebM/TN/1.0","displayNamespace":".../EDA/WebM/TN/1.0","serviceGroup":"Default","inMemoryCapacity":"Default","onDiskCapacity":"Default"},{"name":"QueueForPolling","namespace":"http://namespaces.softwareag.com/EDA/WebM/TN/1.0","displayNamespace":".../EDA/WebM/TN/1.0","serviceGroup":"Default","inMemoryCapacity":"Default","onDiskCapacity":"Default"},{"name":"RelatedDocuments","namespace":"http://namespaces.softwareag.com/EDA/WebM/TN/1.0","displayNamespace":".../EDA/WebM/TN/1.0","serviceGroup":"Default","inMemoryCapacity":"Default","onDiskCapacity":"Default"},{"name":"ReprocessDocument","namespace":"http://namespaces.softwareag.com/EDA/WebM/TN/1.0","displayNamespace":".../EDA/WebM/TN/1.0","serviceGroup":"Default","inMemoryCapacity":"Default","onDiskCapacity":"Default"},{"name":"ResubmitDocument","namespace":"http://namespaces.softwareag.com/EDA/WebM/TN/1.0","displayNamespace":".../EDA/WebM/TN/1.0","serviceGroup":"Default","inMemoryCapacity":"Default","onDiskCapacity":"Default"},{"name":"RoutingRuleSelected","namespace":"http://namespaces.softwareag.com/EDA/WebM/TN/1.0","displayNamespace":".../EDA/WebM/TN/1.0","serviceGroup":"Default","inMemoryCapacity":"Default","onDiskCapacity":"Default"},{"name":"SendDocument","namespace":"http://namespaces.softwareag.com/EDA/WebM/TN/1.0","displayNamespace":".../EDA/WebM/TN/1.0","serviceGroup":"Default","inMemoryCapacity":"Default","onDiskCapacity":"Default"},{"name":"ServiceInvoke","namespace":"http://namespaces.softwareag.com/EDA/WebM/TN/1.0","displayNamespace":".../EDA/WebM/TN/1.0","serviceGroup":"Default","inMemoryCapacity":"Default","onDiskCapacity":"Default"},{"name":"StartDelivery","namespace":"http://namespaces.softwareag.com/EDA/WebM/TN/1.0","displayNamespace":".../EDA/WebM/TN/1.0","serviceGroup":"Default","inMemoryCapacity":"Default","onDiskCapacity":"Default"},{"name":"SystemStatusChanged","namespace":"http://namespaces.softwareag.com/EDA/WebM/TN/1.0","displayNamespace":".../EDA/WebM/TN/1.0","serviceGroup":"Default","inMemoryCapacity":"Default","onDiskCapacity":"Default"},{"name":"TaskAction","namespace":"http://namespaces.softwareag.com/EDA/WebM/TN/1.0","displayNamespace":".../EDA/WebM/TN/1.0","serviceGroup":"Default","inMemoryCapacity":"Default","onDiskCapacity":"Default"},{"name":"UserStatusChanged","namespace":"http://namespaces.softwareag.com/EDA/WebM/TN/1.0","displayNamespace":".../EDA/WebM/TN/1.0","serviceGroup":"Default","inMemoryCapacity":"Default","onDiskCapacity":"Default"},{"name":"Validation","namespace":"http://namespaces.softwareag.com/EDA/WebM/TN/1.0","displayNamespace":".../EDA/WebM/TN/1.0","serviceGroup":"Default","inMemoryCapacity":"Default","onDiskCapacity":"Default"},{"name":"Verification","namespace":"http://namespaces.softwareag.com/EDA/WebM/TN/1.0","displayNamespace":".../EDA/WebM/TN/1.0","serviceGroup":"Default","inMemoryCapacity":"Default","onDiskCapacity":"Default"}]}}