{"name":"/wm/is/wm/prt/dispatch/ProcessTransitionVol","type":"Mixed","ttl":"0","capacity":"0","deadEventStore":"","engine":"JMS Engine","clusterWide":"false","storageProperties":{"autoMaintenance":"true","honourCapacity":"true","enableCaching":"true","cacheOnReload":"true","enableReadBuffering":"true","enableMulticast":"false","readBufferSize":"10240","syncEachWrite":"false","syncBatchSize":"N/A","syncBatchTime":"N/A","fanoutArchiveTarget":"N/A","priority":"4","eventsPerSpindle":"50000","stampDictionary":"default"},"protoBufDescriptor":"","channelKeys":null,"channelACLs":{"channelACLEntry":[{"subject":"*@*","manageACL":"false","full":"true","purge":"false","subscribe":"false","publish":"false","named":"false"},{"subject":"Everyone","manageACL":"false","full":"false","purge":"false","subscribe":"true","publish":"false","named":"true"},{"subject":"tl-as142$@127.0.0.1","manageACL":"true","full":"true","purge":"true","subscribe":"true","publish":"true","named":"false"}]},"channelJoins":null}