{"Logger":{"@alias":"Server","Name":"Server Logger","Enabled":"true","Mode":"SYNCHRONOUS","Guaranteed":"true","MaxQueueSize":"8192","Destination":"FILE","TimestampFormat":"yyyy-MM-dd HH:mm:ss z","Levels":{"@default":"Info","Level":[{"@name":"SERVER","@description":"Integration Server","$":"Inherit"},{"@name":"SERVER.ISU.0000","@description":"General Debugging","$":"Inherit"},{"@name":"SERVER.ISS.0001","@description":"License Manager","$":"Inherit"},{"@name":"SERVER.ISS.0002","@description":"LDAP Connection","$":"Inherit"},{"@name":"SERVER.ISS.0003","@description":"Database Connection Manager","$":"Inherit"},{"@name":"SERVER.ISS.0004","@description":"JDBC Connection","$":"Inherit"},{"@name":"SERVER.ISC.0006","@description":"Server SSL Interface","$":"Inherit"},{"@name":"SERVER.ISS.0007","@description":"Authorization","$":"Inherit"},{"@name":"SERVER.ISS.0008","@description":"NIS Connection","$":"Inherit"},{"@name":"SERVER.ISC.0009","@description":"Certificate","$":"Inherit"},{"@name":"SERVER.ISS.0011","@description":"Proxies","$":"Inherit"},{"@name":"SERVER.ISS.0012","@description":"Authentication","$":"Inherit"},{"@name":"SERVER.ISS.0013","@description":"Content Handler","$":"Inherit"},{"@name":"SERVER.ISS.0014","@description":"Server","$":"Inherit"},{"@name":"SERVER.ISS.0015","@description":"Service Manager","$":"Inherit"},{"@name":"SERVER.ISS.0016","@description":"Service Caching","$":"Inherit"},{"@name":"SERVER.ISS.0017","@description":"Ehcache","$":"Inherit"},{"@name":"SERVER.ISC.0018","@description":"Utility classes","$":"Inherit"},{"@name":"SERVER.ISS.0021","@description":"webMethods Cloud","$":"Inherit"},{"@name":"SERVER.ISC.0022","@description":"Code Generation","$":"Inherit"},{"@name":"SERVER.ISS.0024","@description":"User Manager","$":"Inherit"},{"@name":"SERVER.ISS.0025","@description":"Server Initialization","$":"Inherit"},{"@name":"SERVER.ISS.0026","@description":"Services","$":"Inherit"},{"@name":"SERVER.ISS.0027","@description":"Server Configuration","$":"Inherit"},{"@name":"SERVER.ISS.0028","@description":"Packages","$":"Inherit"},{"@name":"SERVER.ISS.0033","@description":"Cluster Manager","$":"Inherit"},{"@name":"SERVER.ISS.0035","@description":"Server Log Rotation","$":"Inherit"},{"@name":"SERVER.ISS.0036","@description":"Client Context","$":"Inherit"},{"@name":"SERVER.ISC.0037","@description":"Guaranteed Delivery Context","$":"Inherit"},{"@name":"SERVER.ISC.0038","@description":"HTTP Header","$":"Inherit"},{"@name":"SERVER.ISC.0039","@description":"HTTP Request","$":"Inherit"},{"@name":"SERVER.ISC.0040","@description":"HTTP Response","$":"Inherit"},{"@name":"SERVER.ISC.0041","@description":"HTTP Cookie","$":"Inherit"},{"@name":"SERVER.ISC.0042","@description":"XML Parser","$":"Inherit"},{"@name":"SERVER.ISC.0043","@description":"XML Parse Stream","$":"Inherit"},{"@name":"SERVER.ISP.0046","@description":"HTTP Listener","$":"Inherit"},{"@name":"SERVER.ISP.0047","@description":"HTTPS Listener","$":"Inherit"},{"@name":"SERVER.ISS.0048","@description":"Misc. Server Error Messages","$":"Inherit"},{"@name":"SERVER.ISC.0049","@description":"Flow Operation","$":"Inherit"},{"@name":"SERVER.ISC.0050","@description":"Flow Map","$":"Inherit"},{"@name":"SERVER.ISS.0051","@description":"Port Manager","$":"Inherit"},{"@name":"SERVER.ISS.0053","@description":"HTTP Dispatch","$":"Inherit"},{"@name":"SERVER.ISS.0054","@description":"HTTP Document Handler","$":"Inherit"},{"@name":"SERVER.ISS.0055","@description":"Java Services","$":"Inherit"},{"@name":"SERVER.ISS.0056","@description":"Mailer","$":"Inherit"},{"@name":"SERVER.ISP.0057","@description":"Deployer","$":"Inherit"},{"@name":"SERVER.ISS.0059","@description":"Service Thread","$":"Inherit"},{"@name":"SERVER.ISP.0061","@description":"Remote Servers","$":"Inherit"},{"@name":"SERVER.ISC.0062","@description":"Core Services","$":"Inherit"},{"@name":"SERVER.ISC.0063","@description":"Transaction Job Manager","$":"Inherit"},{"@name":"SERVER.ISC.0064","@description":"Network Services","$":"Inherit"},{"@name":"SERVER.ISP.0068","@description":"Email Listener","$":"Inherit"},{"@name":"SERVER.ISS.0070","@description":"Listeners","$":"Inherit"},{"@name":"SERVER.ISP.0071","@description":"FTP Listener","$":"Inherit"},{"@name":"SERVER.ISC.0072","@description":"Reporter","$":"Inherit"},{"@name":"SERVER.ISP.0073","@description":"WmPartners Gateway Manager","$":"Inherit"},{"@name":"SERVER.ISP.0074","@description":"WmPartners XTN Manager","$":"Inherit"},{"@name":"SERVER.ISP.0075","@description":"WmDB","$":"Inherit"},{"@name":"SERVER.ISC.0076","@description":"Coders","$":"Inherit"},{"@name":"SERVER.ISC.0077","@description":"com.wm.util","$":"Inherit"},{"@name":"SERVER.ISS.0079","@description":"Enterprise Gateway","$":"Inherit"},{"@name":"SERVER.ISS.0080","@description":"Asynchronous Connection API","$":"Inherit"},{"@name":"SERVER.ISC.0081","@description":"Namespace","$":"Inherit"},{"@name":"SERVER.ISC.0082","@description":"XML Schema","$":"Inherit"},{"@name":"SERVER.ISP.0085","@description":"WmRoot Package","$":"Inherit"},{"@name":"SERVER.ISP.0087","@description":"WmWin32 Package","$":"Inherit"},{"@name":"SERVER.ISC.0088","@description":"SOAP","$":"Inherit"},{"@name":"SERVER.ISP.0090","@description":"pub Flow Services","$":"Inherit"},{"@name":"SERVER.ISP.0091","@description":"WmRoot Admin Services","$":"Inherit"},{"@name":"SERVER.ISS.0094","@description":"Repository V4","$":"Inherit"},{"@name":"SERVER.ISS.0095","@description":"Audit Log Manager","$":"Inherit"},{"@name":"SERVER.ISS.0096","@description":"JDBC Connection Manager","$":"Inherit"},{"@name":"SERVER.ISS.0097","@description":"Broker Document Type Synchronizer","$":"Inherit"},{"@name":"SERVER.ISS.0098","@description":"Dispatcher","$":"Inherit"},{"@name":"SERVER.ISS.0099","@description":"Broker Transport Layer","$":"Inherit"},{"@name":"SERVER.ISS.0100","@description":"Web Container","$":"Inherit"},{"@name":"SERVER.ISS.0105","@description":"Cross-referencing and Latching","$":"Inherit"},{"@name":"SERVER.ISS.0106","@description":"Join Manager","$":"Inherit"},{"@name":"SERVER.ISS.0109","@description":"Server Statistics","$":"Inherit"},{"@name":"SERVER.ART.0114","@description":"Adapter Runtime","$":"Inherit"},{"@name":"SERVER.ART.0115","@description":"Adapter Runtime (Listener)","$":"Inherit"},{"@name":"SERVER.ART.0116","@description":"Adapter Runtime (Notification)","$":"Inherit"},{"@name":"SERVER.ART.0117","@description":"Adapter Runtime (Adapter Service)","$":"Inherit"},{"@name":"SERVER.ART.0118","@description":"Adapter Runtime (Connection)","$":"Inherit"},{"@name":"SERVER.MON.0119","@description":"Monitor","$":"Inherit"},{"@name":"SERVER.MOD.0120","@description":"Monitor (Database Layer)","$":"Inherit"},{"@name":"SERVER.SCC.0121","@description":"Adapter Runtime (SCC Transaction Manager)","$":"Inherit"},{"@name":"SERVER.BAS.0123","@description":"Basis FSData","$":"Inherit"},{"@name":"SERVER.ISS.0125","@description":"Supervisory Control Mechanism","$":"Inherit"},{"@name":"SERVER.SCC.0126","@description":"Adapter Runtime (SCC Connection Manager)","$":"Inherit"},{"@name":"SERVER.BAT.0127","@description":"Basis Transient Store","$":"Inherit"},{"@name":"SERVER.ISS.0128","@description":"Exactly Once Processor","$":"Inherit"},{"@name":"SERVER.NET.0129","@description":".NET Package","$":"Inherit"},{"@name":"SERVER.MNP.0130","@description":"Mainframe Package","$":"Inherit"},{"@name":"SERVER.ISS.0131","@description":"Diagnostic Port","$":"Inherit"},{"@name":"SERVER.VCS.0132","@description":"Version Control System","$":"Inherit"},{"@name":"SERVER.ISC.0133","@description":"DOM Implementation","$":"Inherit"},{"@name":"SERVER.ISS.0134","@description":"JMS Subsystem","$":"Inherit"},{"@name":"SERVER.ISS.0135","@description":"JNDI Client Configuration","$":"Inherit"},{"@name":"SERVER.ISS.0137","@description":"User Task Scheduler","$":"Inherit"},{"@name":"SERVER.ISS.0138","@description":"Asset Publisher","$":"Inherit"},{"@name":"SERVER.ISS.0139","@description":"Keystore","$":"Inherit"},{"@name":"SERVER.ISP.0140","@description":"Designer","$":"Inherit"},{"@name":"SERVER.ISS.0141","@description":"Web Service stack","$":"Inherit"},{"@name":"SERVER.ISS.0142","@description":"Thread Kill","$":"Inherit"},{"@name":"SERVER.ISP.0144","@description":"XML Security Services","$":"Inherit"},{"@name":"SERVER.ISS.0145","@description":"Quiesce Mode","$":"Inherit"},{"@name":"SERVER.ISP.0147","@description":"SFTP Client","$":"Inherit"},{"@name":"SERVER.ISS.0149","@description":"Enterprise Gateway Rules","$":"Inherit"},{"@name":"SERVER.ISS.0150","@description":"SPM","$":"Inherit"},{"@name":"SERVER.ISS.0151","@description":"Monitoring (CMP)","$":"Inherit"},{"@name":"SERVER.ISS.0152","@description":"CORS","$":"Inherit"},{"@name":"SERVER.ISS.0153","@description":"Dispatcher (Universal Messaging)","$":"Inherit"},{"@name":"SERVER.ISS.0154","@description":"Protocol Buffer Encoding (Universal Messaging)","$":"Inherit"},{"@name":"SERVER.ISS.0155","@description":"Hot Deployment","$":"Inherit"},{"@name":"SERVER.ISS.0156","@description":"Event Routing","$":"Inherit"},{"@name":"SERVER.ISS.0157","@description":"Assets","$":"Inherit"},{"@name":"SERVER.ISS.0158","@description":"OData","$":"Inherit"},{"@name":"XSL","@description":"WmXSLT Package","$":"Inherit"},{"@name":"XSL.0001","@description":"SAX","$":"Inherit"},{"@name":"XSL.0002","@description":"JAXP","$":"Inherit"},{"@name":"XSL.0003","@description":"Services","$":"Inherit"},{"@name":"XSL.0004","@description":"Admin�Services","$":"Inherit"},{"@name":"FF","@description":"Flat File","$":"Inherit"},{"@name":"FF.0000","@description":"FlatFile Logger","$":"Inherit"},{"@name":"FF.0001","@description":"FlatFile Listener","$":"Inherit"},{"@name":"FF.0002","@description":"FlatFile Parser","$":"Inherit"},{"@name":"MED","@description":"Mediator","$":"Inherit"},{"@name":"MED.0001","@description":"Event Logging","$":"Inherit"},{"@name":"MED.0010","@description":"Core","$":"Inherit"},{"@name":"MED.0030","@description":"CentraSite Communication","$":"Inherit"},{"@name":"MED.0050","@description":"Runtime","$":"Inherit"},{"@name":"MED.0070","@description":"Mediators","$":"Inherit"},{"@name":"MED.0100","@description":"Mediator Listener","$":"Inherit"},{"@name":"MED.0110","@description":"Incoming Messages","$":"Inherit"},{"@name":"MED.0200","@description":"Monitor and Event Notification (MEN)","$":"Inherit"},{"@name":"MED.0201","@description":"MEN - Runtime","$":"Inherit"},{"@name":"MED.0202","@description":"MEN - Alerts","$":"Inherit"},{"@name":"MED.0203","@description":"MEN - Cache","$":"Inherit"},{"@name":"MED.0204","@description":"MEN - Interval Processing","$":"Inherit"},{"@name":"MED.0205","@description":"MEN - Events","$":"Inherit"},{"@name":"MED.0206","@description":"MEN - Processors","$":"Inherit"},{"@name":"MED.0207","@description":"MEN - Readers","$":"Inherit"},{"@name":"BPM","@description":"WmPRT Package","$":"Inherit"},{"@name":"BPM.0101","@description":"General","$":"Inherit"},{"@name":"BPM.0102","@description":"Process Execution","$":"Inherit"},{"@name":"BPM.0201","@description":"Debugger","$":"Inherit"},{"@name":"RUL","@description":"Business Rules","$":"Inherit"},{"@name":"RUL.0005","@description":"Common","$":"Inherit"},{"@name":"RUL.0010","@description":"Core","$":"Inherit"},{"@name":"RUL.0050","@description":"Package","$":"Inherit"},{"@name":"ADA","@description":"Adapters","$":"Inherit"},{"@name":"ADA.0001","@description":"JDBCAdapter","$":"Inherit"}]}}}