{"wrapper.app.parameter.4.stripquotes":"TRUE","wrapper.app.parameter.6":"sagis101_23.default","wrapper.app.parameter.5":"-service","wrapper.app.parameter.4":"\"%OSGI_CONFIGURATION_AREA%\"","wrapper.syslog.loglevel":"NONE","wrapper.app.parameter.3":"-configuration","wrapper.app.parameter.2":"4","wrapper.app.parameter.1":"org.eclipse.equinox.launcher.Main","wrapper.logfile":"%OSGI_INSTALL_AREA%/logs/wrapper.log","wrapper.java.classpath.3":"F:\\SoftwareAG\\DOPS_REF_V101_01\\IntegrationServer\\instances\\..\\..\\common\\lib\\wm-converters.jar","wrapper.java.classpath.2":"%JAVA_SYSTEM_CLASSPATH%","wrapper.jvm_exit.timeout":"90","wrapper.java.classpath.1":"F:\\SoftwareAG\\DOPS_REF_V101_01\\common\\lib\\tw-3.5.32%WRAPPER_FILE_SEPARATOR%wrapper.jar","wrapper.logfile.loglevel":"INFO","wrapper.app.parameter.33":"shutdown","wrapper.app.parameter.32":"1","wrapper.working.dir":"F:\\SoftwareAG\\DOPS_REF_V101_01\\IntegrationServer\\instances\\default","wrapper.anchorfile":"F:\\SoftwareAG\\DOPS_REF_V101_01\\profiles\\IS_default/bin/wrapper.anchor","wrapper.app.parameter.31":"FALSE","wrapper.app.parameter.30":"com.softwareag.platform.bootstrap.Bootstrap","wrapper.java.command":"F:\\SoftwareAG\\DOPS_REF_V101_01\\jvm\\jvm\\jre\\bin\\java","wrapper.on_exit.42":"RESTART","wrapper.ntservice.displayname":"Software AG Integration Server 10.1 (default) (23)","wrapper.logfile.maxfiles":"5","wrapper.java.library.path.13":"F:\\SoftwareAG\\DOPS_REF_V101_01\\IntegrationServer\\instances\\..\\..\\common\\bin","wrapper.java.library.path.12":"F:\\SoftwareAG\\DOPS_REF_V101_01\\IntegrationServer\\instances\\default\\support\\win32","wrapper.java.library.path.11":"F:\\SoftwareAG\\DOPS_REF_V101_01\\IntegrationServer\\instances\\default\\lib","wrapper.ignore_sequence_gaps":"TRUE","wrapper.ping.timeout":"300","wrapper.ntservice.name":"sagis101_23.default","wrapper.java.library.path.3":"F:\\SoftwareAG\\DOPS_REF_V101_01\\common%WRAPPER_FILE_SEPARATOR%security\\ssx_64\\bin","wrapper.java.pidfile":"%OSGI_INSTALL_AREA%/bin/.lock","wrapper.java.library.path.2":"F:\\SoftwareAG\\DOPS_REF_V101_01\\common%WRAPPER_FILE_SEPARATOR%lib","wrapper.java.library.path.1":"F:\\SoftwareAG\\DOPS_REF_V101_01\\common\\lib\\tw-3.5.32","wrapper.logfile.format":"LPTM","wrapper.single_invocation":"TRUE","wrapper.shutdown.timeout":"90","wrapper.ntservice.interactive":"FALSE","wrapper.lang.folder":"../lang","wrapper.ntservice.starttype":"AUTO_START","wrapper.restart.reload_configuration":"TRUE","wrapper.console.format":"PM","wrapper.java.mainclass":"org.tanukisoftware.wrapper.WrapperStartStopApp","wrapper.ntservice.description":"Software AG webMethods Integration Server 10.1","wrapper.ntservice.dependency.1":"","wrapper.pidfile.strict":"TRUE","wrapper.logfile.maxsize":"10m","wrapper.console.title":"Software AG Integration Server 10.1 (default)","wrapper.on_exit.23":"RESTART","wrapper.java.library.path.append_system_path":"TRUE","wrapper.console.loglevel":"INFO"}