{"JMS":{"@alias":"EventBus","Description":"EDA EventBus","Enabled":"false","TransactionType":"NO_TRANSACTION","ClientId":"EventBusClient","Provider":{"@type":"JNDI","JNDIAlias":"EventBusJndiProvider","JNDIConnectionFactoryName":"EventFactory"},"User":"","MaxRetryAttempts":"0","RetryInterval":"0","Caching":"DISABLED","ExtendedProperties":{"Property":[{"@name":"jndi_connectionFactoryUpdateType","$":"NONE"},{"@name":"jndi_connectionFactoryPollingInterval","$":"0"},{"@name":"classLoader","$":"INTEGRATION_SERVER"},{"@name":"csqSize","$":"-1"},{"@name":"csqDrainInOrder","$":"true"},{"@name":"optTempQueueCreate","$":"true"},{"@name":"allowReplyToConsumer","$":"false"},{"@name":"manageDestinations","$":"true"},{"@name":"allowNewConnectionPerTrigger","$":"false"}]}}}