{"name":"Event Types","capacityNote":"Capacities are positive numbers, optionally followed by K/M/G, e.g. 10K. Type \"Default\" to reset a capacity to its default value.","defaultValues":{"inMem":"1000","onDisk":"1000000"},"types":{"type":[{"eventTypeName":"ErrorEvents","packageName":"des.apigateway.runtime.events","reliabilityPreference":"Persistent","reliability":"FollowPreference","inMemoryCapacity":"Default","onDiskCapacity":"Default","serviceGroupName":"Default"},{"eventTypeName":"EventPersistenceError","packageName":"des.evs","reliabilityPreference":"Non-Persistent","reliability":"FollowPreference","inMemoryCapacity":"Default","onDiskCapacity":"Default","serviceGroupName":"Default"},{"eventTypeName":"LifeCycleEvents","packageName":"des.apigateway.runtime.events","reliabilityPreference":"Persistent","reliability":"FollowPreference","inMemoryCapacity":"Default","onDiskCapacity":"Default","serviceGroupName":"Default"},{"eventTypeName":"MonitorEvents","packageName":"des.apigateway.runtime.events","reliabilityPreference":"Persistent","reliability":"FollowPreference","inMemoryCapacity":"Default","onDiskCapacity":"Default","serviceGroupName":"Default"},{"eventTypeName":"PerformanceMetrics","packageName":"des.apigateway.runtime.metrics","reliabilityPreference":"Persistent","reliability":"FollowPreference","inMemoryCapacity":"Default","onDiskCapacity":"Default","serviceGroupName":"Default"},{"eventTypeName":"PolicyViolationEvents","packageName":"des.apigateway.runtime.events","reliabilityPreference":"Persistent","reliability":"FollowPreference","inMemoryCapacity":"Default","onDiskCapacity":"Default","serviceGroupName":"Default"},{"eventTypeName":"TaskChanged","packageName":"des.task","reliabilityPreference":"Persistent","reliability":"FollowPreference","inMemoryCapacity":"Default","onDiskCapacity":"Default","serviceGroupName":"Default"},{"eventTypeName":"TransactionalEvents","packageName":"des.apigateway.runtime.events","reliabilityPreference":"Persistent","reliability":"FollowPreference","inMemoryCapacity":"Default","onDiskCapacity":"Default","serviceGroupName":"Default"}]}}