{"Truststore":{"@alias":"DEFAULT_WMCLOUD_TRUSTSTORE","Description":"Default truststore alias for webMethods Cloud.","Type":"JKS","Provider":"SUN","Location":"F:\\SoftwareAG\\DOPS_REF_V912_01\\IntegrationServer\\instances\\default\\packages\\WmCloud\\config\\wmcloud_truststore.jks","Password":"","ExtendedProperties":{"Property":[{"@name":"isLoaded","$":"true"},{"@name":"certficateAliases","$":"geotrust primary certification authority - g3,geotrust sha256 ssl ca (geotrust primary certification authority - g3),geotrust ssl ca - g3 (geotrust global ca),integrationlive_sso,seclab,thawte primary root ca,thawte ssl ca - g2,webmcloudwild,webmethodscloudwild,webmethodscloudwild_eu"}]}}}