{"SoftwareAG_License":{"Component":[{"ContractPosNumber":"003400","AutoCallHome":"","SerialNumber":"0000365300","LicenseTypeDetails":"External","Id":"SalesInfo","CustomerID":7502333,"CustomerName":"Lidl Stiftung & Co. KG","LicenseKey":"3366B28706FF41F437E3C1DDB5ECBFB9","ContractDetails":2044372},{"HigherLevProdCode":"6NUMPIF","RenewalDate":"","Usage":"Development","HigherLevPosNr":"003390","ExpirationDate":"Unlimited","OS":"win","ProductName":"Universal Messaging for Integration A/P","ProductCode":"NUMWI","HigherLevProdName":"Template NUMWI + PIF","ProductID":"","Id":"ProductInfo","ProductVersion":9.12},{"MQTT":"no","TerracottaIntegration":"no","ThrottlingConflation":"no","EnterpriseClients":"yes","Brokerless":"no","ProductVersion":9.12,"HTTPSupport":"no","Multicast":"no","SimpleChannels":"yes","MessagingPriority":"yes","AMQP":"no","FederatedNames":"yes","WebClients":"no","PersistentChannels":"yes","SharedMemory":"no","Plugins":"no","ProductCode":"NUM","MixedChannels":"yes","DataGroups":"no","Scheduling":"no","Clustering":"no","JMSClients":"yes","Joins":"yes","MobileClients":"no","ReliableChannels":"yes","JavaClients":"yes","OffHeapChannels":"no","Id":"Universal Messaging","TransientChannels":"yes"},{"PriceQuantity":99999,"ExtendedRights":"TPD,SBD,AS1,LP4,","PriceUnit":"CoreB","TypeOfInstallation":"Development","LicenseVersion":1.2,"Id":"LicenseInfo","LicenseType":"Development","Metering":""}]}}