{"Logger":{"@alias":"Security","Name":"Security Logger","Enabled":"false","Mode":"SYNCHRONOUS","Guaranteed":"false","MaxQueueSize":"100000","Destination":"FILE","MaxRetryAttempts":"3","RetryInterval":"5","ExtendedProperties":{"Property":[{"@name":"GenerateAuditingDataOnStartup","$":"false"},{"@name":"GenerateAuditingDataOnEvent","$":"Success or Failure"},{"@name":"SecurityAreasToAudit","$":"Authentication,Authorization,Certificates,Configuration,JDBC Pools,Keystore,Packages,Passwords,Ports,Proxy Servers,Remote Servers,Services,SSL,Web Services,Enterprise Gateway,CSRFGuard"}]}}}