[ {
  "packageName" : "Default",
  "enabled" : "true",
  "version" : "9.9.0.0.102"
}, {
  "packageName" : "WmART",
  "enabled" : "true",
  "version" : "9.9.0.0.102"
}, {
  "packageName" : "WmARTExtDC",
  "enabled" : "true",
  "version" : "9.9.0.0.93"
}, {
  "packageName" : "WmAssetPublisher",
  "enabled" : "true",
  "version" : "9.9.0.0.102"
}, {
  "packageName" : "WmBusinessRules",
  "enabled" : "true",
  "version" : "9.9.0.2.256"
}, {
  "packageName" : "WmCloud",
  "enabled" : "true",
  "version" : "9.9.0.0.102"
}, {
  "packageName" : "WmFlatFile",
  "enabled" : "true",
  "version" : "9.9.0.0.102"
}, {
  "packageName" : "WmISExtDC",
  "enabled" : "true",
  "version" : "9.9.0.0.93"
}, {
  "packageName" : "WmJDBCAdapter",
  "enabled" : "true",
  "version" : "9.0.0.0"
}, {
  "packageName" : "WmMediator",
  "enabled" : "true",
  "version" : "9.9.0.0020-0285"
}, {
  "packageName" : "WmMonitor",
  "enabled" : "true",
  "version" : "9.9.0.0.78"
}, {
  "packageName" : "WmPRT",
  "enabled" : "true",
  "version" : "9.9.0.0.39"
}, {
  "packageName" : "WmPublic",
  "enabled" : "true",
  "version" : "9.9.0.0.102"
}, {
  "packageName" : "WmRoot",
  "enabled" : "true",
  "version" : "9.9.0.0.102"
}, {
  "packageName" : "WmSAP",
  "enabled" : "true",
  "version" : "7.1.0.0.718"
}, {
  "packageName" : "WmTaskClient",
  "enabled" : "true",
  "version" : "9.9.0.0.221"
}, {
  "packageName" : "WmTomcat",
  "enabled" : "false",
  "version" : "9.9.0.0.102"
}, {
  "packageName" : "WmVCS",
  "enabled" : "true",
  "version" : "9.9.0.0.102"
}, {
  "packageName" : "WmWin32",
  "enabled" : "false",
  "version" : "9.9.0.0.102"
}, {
  "packageName" : "WmXSLT",
  "enabled" : "true",
  "version" : "9.9.0.0.102"
} ]