{
  "name" : "ORGX_PREP_ESB_V103_IS_01",
  "level" : "NODE",
  "layer" : "ESB",
  "spmURL" : "https://server_05.opencm.org:10093/spm",
  "children" : [ {
    "name" : "integrationServer-default",
    "level" : "COMPONENT",
    "children" : [ {
      "name" : "COMMON-ADMINUI",
      "level" : "INSTANCE"
    }, {
      "name" : "COMMON-CLUSTER",
      "level" : "INSTANCE"
    }, {
      "name" : "COMMON-COMPONENT-ENDPOINTS-local",
      "level" : "INSTANCE"
    }, {
      "name" : "COMMON-CONFIGURATION-TYPE-METADATA-com.softwareag.platform.management.is.configuration.impl.ISResourcesMetadata.xml",
      "level" : "INSTANCE"
    }, {
      "name" : "COMMON-CONFIGURATION-TYPE-METADATA-com.softwareag.platform.management.is.configuration.impl.WSConsumerEndPointsMetadataComponent.xml",
      "level" : "INSTANCE"
    }, {
      "name" : "COMMON-CONFIGURATION-TYPE-METADATA-com.softwareag.platform.management.is.configuration.impl.WSProviderEndPointsMetadataComponent.xml",
      "level" : "INSTANCE"
    }, {
      "name" : "COMMON-CONFIGURATION-TYPE-METADATA-com.softwareag.plm.spm.spm.impl.CommonJDBCConfigurationTypeMetadata.xml",
      "level" : "INSTANCE"
    }, {
      "name" : "COMMON-CONFIGURATION-TYPE-METADATA-com.softwareag.plm.spm.spm.impl.CommonJMSConfigurationTypeMetadata.xml",
      "level" : "INSTANCE"
    }, {
      "name" : "COMMON-CONFIGURATION-TYPE-METADATA-com.softwareag.plm.spm.spm.impl.CommonJNDIConfigurationTypeMetadata.xml",
      "level" : "INSTANCE"
    }, {
      "name" : "COMMON-CONFIGURATION-TYPE-METADATA-com.softwareag.plm.spm.spm.impl.CommonKeystoresConfigurationTypeMetadata.xml",
      "level" : "INSTANCE"
    }, {
      "name" : "COMMON-CONFIGURATION-TYPE-METADATA-com.softwareag.plm.spm.spm.impl.CommonLocalUsersConfigurationTypeMetadata.xml",
      "level" : "INSTANCE"
    }, {
      "name" : "COMMON-CONFIGURATION-TYPE-METADATA-com.softwareag.plm.spm.spm.impl.CommonMessagingConfigurationTypeMetadata.xml",
      "level" : "INSTANCE"
    }, {
      "name" : "COMMON-CONFIGURATION-TYPE-METADATA-com.softwareag.plm.spm.spm.impl.CommonPortsConfigurationTypeMetadata.xml",
      "level" : "INSTANCE"
    }, {
      "name" : "COMMON-CONFIGURATION-TYPE-METADATA-com.softwareag.plm.spm.spm.impl.CommonSMTPConfigurationTypeMetadata.xml",
      "level" : "INSTANCE"
    }, {
      "name" : "COMMON-CONFIGURATION-TYPE-METADATA-com.softwareag.plm.spm.spm.impl.CommonSysPropsConfigurationTypeMetadata.xml",
      "level" : "INSTANCE"
    }, {
      "name" : "COMMON-CONFIGURATION-TYPE-METADATA-com.softwareag.plm.spm.spm.impl.CommonTruststoresConfigurationTypeMetadata.xml",
      "level" : "INSTANCE"
    }, {
      "name" : "COMMON-CONFIGURATION-TYPE-METADATA-com.softwareag.plm.spm.spm.impl.CommonVarsConfigurationTypeMetadata.xml",
      "level" : "INSTANCE"
    }, {
      "name" : "COMMON-DBFUNCTION-Adapters",
      "level" : "INSTANCE"
    }, {
      "name" : "COMMON-DBFUNCTION-CentralUsers",
      "level" : "INSTANCE"
    }, {
      "name" : "COMMON-DBFUNCTION-DocumentHistory",
      "level" : "INSTANCE"
    }, {
      "name" : "COMMON-DBFUNCTION-ISCoreAudit",
      "level" : "INSTANCE"
    }, {
      "name" : "COMMON-DBFUNCTION-ISInternal",
      "level" : "INSTANCE"
    }, {
      "name" : "COMMON-DBFUNCTION-MobileSupport",
      "level" : "INSTANCE"
    }, {
      "name" : "COMMON-DBFUNCTION-ProcessAudit",
      "level" : "INSTANCE"
    }, {
      "name" : "COMMON-DBFUNCTION-ProcessEngine",
      "level" : "INSTANCE"
    }, {
      "name" : "COMMON-DBFUNCTION-TN",
      "level" : "INSTANCE"
    }, {
      "name" : "COMMON-DBFUNCTION-Xref",
      "level" : "INSTANCE"
    }, {
      "name" : "COMMON-JAAS-REALMS-IS_KERBEROS_INBOUND",
      "level" : "INSTANCE"
    }, {
      "name" : "COMMON-JAAS-REALMS-IS_KERBEROS_OUTBOUND",
      "level" : "INSTANCE"
    }, {
      "name" : "COMMON-JAAS-REALMS-IS_Transport",
      "level" : "INSTANCE"
    }, {
      "name" : "COMMON-JAAS-REALMS-PlatformManagement",
      "level" : "INSTANCE"
    }, {
      "name" : "COMMON-JAAS-REALMS-WSS_Message_IS",
      "level" : "INSTANCE"
    }, {
      "name" : "COMMON-JAAS-REALMS-WSS_Transport_IS",
      "level" : "INSTANCE"
    }, {
      "name" : "COMMON-JAAS-REALMS-WSS_Transport_ProxyService",
      "level" : "INSTANCE"
    }, {
      "name" : "COMMON-JDBC-Embedded_Database_Pool",
      "level" : "INSTANCE"
    }, {
      "name" : "COMMON-JMS-DEFAULT_IS_JMS_CONNECTION",
      "level" : "INSTANCE"
    }, {
      "name" : "COMMON-JMS-PE_NONTRANSACTIONAL_ALIAS",
      "level" : "INSTANCE"
    }, {
      "name" : "COMMON-JNDI-DEFAULT_IS_JNDI_PROVIDER",
      "level" : "INSTANCE"
    }, {
      "name" : "COMMON-KEYSTORES_DEFAULT_IS_KEYSTORE",
      "level" : "INSTANCE"
    }, {
      "name" : "COMMON-KEYSTORES_MY_KEYSTORE",
      "level" : "INSTANCE"
    }, {
      "name" : "COMMON-LICENSE-IS-Core",
      "level" : "INSTANCE"
    }, {
      "name" : "COMMON-LICENSE-IS-Terracotta",
      "level" : "INSTANCE"
    }, {
      "name" : "COMMON-LICLOC-IS-Core",
      "level" : "INSTANCE"
    }, {
      "name" : "COMMON-LICLOC-IS-Terracotta",
      "level" : "INSTANCE"
    }, {
      "name" : "COMMON-LOCAL-USERS-Administrator",
      "level" : "INSTANCE"
    }, {
      "name" : "COMMON-LOCAL-USERS-Default",
      "level" : "INSTANCE"
    }, {
      "name" : "COMMON-LOCAL-USERS-Developer",
      "level" : "INSTANCE"
    }, {
      "name" : "COMMON-LOCAL-USERS-opencm_extracter",
      "level" : "INSTANCE"
    }, {
      "name" : "COMMON-LOCAL-USERS-opencm_synch",
      "level" : "INSTANCE"
    }, {
      "name" : "COMMON-LOCAL-USERS-Replicator",
      "level" : "INSTANCE"
    }, {
      "name" : "COMMON-LOGGERS-Error",
      "level" : "INSTANCE"
    }, {
      "name" : "COMMON-LOGGERS-Guaranteed_Delivery_Inbound",
      "level" : "INSTANCE"
    }, {
      "name" : "COMMON-LOGGERS-Guaranteed_Delivery_Outbound",
      "level" : "INSTANCE"
    }, {
      "name" : "COMMON-LOGGERS-Messaging",
      "level" : "INSTANCE"
    }, {
      "name" : "COMMON-LOGGERS-Security",
      "level" : "INSTANCE"
    }, {
      "name" : "COMMON-LOGGERS-Server",
      "level" : "INSTANCE"
    }, {
      "name" : "COMMON-LOGGERS-Service",
      "level" : "INSTANCE"
    }, {
      "name" : "COMMON-LOGGERS-Session",
      "level" : "INSTANCE"
    }, {
      "name" : "COMMON-LOGGERS-UM_Client",
      "level" : "INSTANCE"
    }, {
      "name" : "COMMON-PORTS-DefaultDiagnostic",
      "level" : "INSTANCE"
    }, {
      "name" : "COMMON-PORTS-DefaultPrimary",
      "level" : "INSTANCE"
    }, {
      "name" : "COMMON-PORTS-OPENCM_SYNCH_PORT",
      "level" : "INSTANCE"
    }, {
      "name" : "COMMON-PROXY-proxy-bypass",
      "level" : "INSTANCE"
    }, {
      "name" : "COMMON-SYSPROPS",
      "level" : "INSTANCE"
    }, {
      "name" : "COMMON-TRUSTSTORES_DEFAULT_IS_TRUSTSTORE",
      "level" : "INSTANCE"
    }, {
      "name" : "COMMON-TRUSTSTORES_DEFAULT_WMCLOUD_TRUSTSTORE",
      "level" : "INSTANCE"
    }, {
      "name" : "COMMON-TRUSTSTORES_MY_TRUSTSTORE",
      "level" : "INSTANCE"
    }, {
      "name" : "COMMON-VARS-OPENCM_MASTER_PASSWORD",
      "level" : "INSTANCE"
    }, {
      "name" : "COMMON-WMMESSAGING-IS_DES_CONNECTION",
      "level" : "INSTANCE"
    }, {
      "name" : "COMMON-WMMESSAGING-IS_LOCAL_CONNECTION",
      "level" : "INSTANCE"
    }, {
      "name" : "COMMON-WMMESSAGING-IS_UM_CONNECTION",
      "level" : "INSTANCE"
    }, {
      "name" : "IS-ACLS-Administrators",
      "level" : "INSTANCE"
    }, {
      "name" : "IS-ACLS-Anonymous",
      "level" : "INSTANCE"
    }, {
      "name" : "IS-ACLS-Default",
      "level" : "INSTANCE"
    }, {
      "name" : "IS-ACLS-Developers",
      "level" : "INSTANCE"
    }, {
      "name" : "IS-ACLS-Internal",
      "level" : "INSTANCE"
    }, {
      "name" : "IS-ACLS-Replicators",
      "level" : "INSTANCE"
    }, {
      "name" : "IS-DEFAULT-WMMESSAGING",
      "level" : "INSTANCE"
    }, {
      "name" : "IS-FILEPERMISSION_DELETE",
      "level" : "INSTANCE"
    }, {
      "name" : "IS-FILEPERMISSION_READ",
      "level" : "INSTANCE"
    }, {
      "name" : "IS-FILEPERMISSION_WRITE",
      "level" : "INSTANCE"
    }, {
      "name" : "IS-GROUPS-Administrators",
      "level" : "INSTANCE"
    }, {
      "name" : "IS-GROUPS-Anonymous",
      "level" : "INSTANCE"
    }, {
      "name" : "IS-GROUPS-Developers",
      "level" : "INSTANCE"
    }, {
      "name" : "IS-GROUPS-Everybody",
      "level" : "INSTANCE"
    }, {
      "name" : "IS-GROUPS-Replicators",
      "level" : "INSTANCE"
    }, {
      "name" : "IS-PACKAGES",
      "level" : "INSTANCE"
    }, {
      "name" : "IS-PRIMARYPORT",
      "level" : "INSTANCE"
    }, {
      "name" : "IS-QUIESCEPORT",
      "level" : "INSTANCE"
    }, {
      "name" : "IS-RESOURCES",
      "level" : "INSTANCE"
    }, {
      "name" : "IS-SYSPROPS",
      "level" : "INSTANCE"
    }, {
      "name" : "JCE-POLICY-INFO",
      "level" : "INSTANCE"
    } ]
  }, {
    "name" : "NODE-FIXES",
    "level" : "COMPONENT",
    "children" : [ {
      "name" : "com.softwareag.fixinstall.feature.patch.feature.group",
      "level" : "INSTANCE"
    }, {
      "name" : "wMFix.CCShared",
      "level" : "INSTANCE"
    }, {
      "name" : "wMFix.SPM",
      "level" : "INSTANCE"
    }, {
      "name" : "wMFix.SUMApi",
      "level" : "INSTANCE"
    } ]
  }, {
    "name" : "NODE-PRODUCTS",
    "level" : "COMPONENT",
    "children" : [ {
      "name" : "ACDLDeployerSharedBundle",
      "level" : "INSTANCE"
    }, {
      "name" : "BPMMetadata",
      "level" : "INSTANCE"
    }, {
      "name" : "BrokerJMSShared",
      "level" : "INSTANCE"
    }, {
      "name" : "CAFRLib",
      "level" : "INSTANCE"
    }, {
      "name" : "CELSharedBundles",
      "level" : "INSTANCE"
    }, {
      "name" : "CMP_API",
      "level" : "INSTANCE"
    }, {
      "name" : "CustomInstall",
      "level" : "INSTANCE"
    }, {
      "name" : "DesignerCPP",
      "level" : "INSTANCE"
    }, {
      "name" : "DesignerJCR",
      "level" : "INSTANCE"
    }, {
      "name" : "DesignerModeling",
      "level" : "INSTANCE"
    }, {
      "name" : "DesignerSharedLib",
      "level" : "INSTANCE"
    }, {
      "name" : "DEVRuntime",
      "level" : "INSTANCE"
    }, {
      "name" : "DEVSharedBundles",
      "level" : "INSTANCE"
    }, {
      "name" : "DEVSharedLibs",
      "level" : "INSTANCE"
    }, {
      "name" : "Eclipse",
      "level" : "INSTANCE"
    }, {
      "name" : "EDAspm",
      "level" : "INSTANCE"
    }, {
      "name" : "embeddedDatabaseScripts",
      "level" : "INSTANCE"
    }, {
      "name" : "ERSharedBundles",
      "level" : "INSTANCE"
    }, {
      "name" : "EventTypeCommon",
      "level" : "INSTANCE"
    }, {
      "name" : "EVS",
      "level" : "INSTANCE"
    }, {
      "name" : "EVSClouderaBundles",
      "level" : "INSTANCE"
    }, {
      "name" : "EVSDESSupportBundles",
      "level" : "INSTANCE"
    }, {
      "name" : "EVSDEVSupportLibs",
      "level" : "INSTANCE"
    }, {
      "name" : "EVSElasticsearch564Bundles",
      "level" : "INSTANCE"
    }, {
      "name" : "EVSElasticsearchBundles",
      "level" : "INSTANCE"
    }, {
      "name" : "EVSRuntimeBundles",
      "level" : "INSTANCE"
    }, {
      "name" : "GWMCommonLibs",
      "level" : "INSTANCE"
    }, {
      "name" : "GWMDes",
      "level" : "INSTANCE"
    }, {
      "name" : "INMSharedLibs",
      "level" : "INSTANCE"
    }, {
      "name" : "integrationServer",
      "level" : "INSTANCE"
    }, {
      "name" : "integrationServerMigrationFrameworkLib",
      "level" : "INSTANCE"
    }, {
      "name" : "ISSharedBundles",
      "level" : "INSTANCE"
    }, {
      "name" : "ISspm",
      "level" : "INSTANCE"
    }, {
      "name" : "jsw",
      "level" : "INSTANCE"
    }, {
      "name" : "LARDesigner",
      "level" : "INSTANCE"
    }, {
      "name" : "LARSharedBundles",
      "level" : "INSTANCE"
    }, {
      "name" : "LDev",
      "level" : "INSTANCE"
    }, {
      "name" : "LICDesigner",
      "level" : "INSTANCE"
    }, {
      "name" : "license",
      "level" : "INSTANCE"
    }, {
      "name" : "LICRepository",
      "level" : "INSTANCE"
    }, {
      "name" : "LICSharedLibsJava",
      "level" : "INSTANCE"
    }, {
      "name" : "LICUtil",
      "level" : "INSTANCE"
    }, {
      "name" : "log4j",
      "level" : "INSTANCE"
    }, {
      "name" : "MfcAll",
      "level" : "INSTANCE"
    }, {
      "name" : "MWSSharedLib",
      "level" : "INSTANCE"
    }, {
      "name" : "NERV",
      "level" : "INSTANCE"
    }, {
      "name" : "NUMRepository",
      "level" : "INSTANCE"
    }, {
      "name" : "NUMSharedLibs",
      "level" : "INSTANCE"
    }, {
      "name" : "OSGI",
      "level" : "INSTANCE"
    }, {
      "name" : "PIEAssetPublisher",
      "level" : "INSTANCE"
    }, {
      "name" : "PIEContainerCommonDirectoryService",
      "level" : "INSTANCE"
    }, {
      "name" : "PIEContainerDigitalEventServices",
      "level" : "INSTANCE"
    }, {
      "name" : "PIEContainerEventRouting",
      "level" : "INSTANCE"
    }, {
      "name" : "PIEContainerExternalRDBMS",
      "level" : "INSTANCE"
    }, {
      "name" : "PIECore",
      "level" : "INSTANCE"
    }, {
      "name" : "PIFSharedBundles",
      "level" : "INSTANCE"
    }, {
      "name" : "SCGCommon",
      "level" : "INSTANCE"
    }, {
      "name" : "sjp",
      "level" : "INSTANCE"
    }, {
      "name" : "SPM",
      "level" : "INSTANCE"
    }, {
      "name" : "SUM",
      "level" : "INSTANCE"
    }, {
      "name" : "TESOSGi",
      "level" : "INSTANCE"
    }, {
      "name" : "tppAnt",
      "level" : "INSTANCE"
    }, {
      "name" : "tppCommons",
      "level" : "INSTANCE"
    }, {
      "name" : "tppDB",
      "level" : "INSTANCE"
    }, {
      "name" : "tppGf",
      "level" : "INSTANCE"
    }, {
      "name" : "tppGfJaxb",
      "level" : "INSTANCE"
    }, {
      "name" : "tppMisc",
      "level" : "INSTANCE"
    }, {
      "name" : "tppModelling",
      "level" : "INSTANCE"
    }, {
      "name" : "tppParsers",
      "level" : "INSTANCE"
    }, {
      "name" : "tppSAML2",
      "level" : "INSTANCE"
    }, {
      "name" : "tppSEC",
      "level" : "INSTANCE"
    }, {
      "name" : "tppServlet",
      "level" : "INSTANCE"
    }, {
      "name" : "tppSpring",
      "level" : "INSTANCE"
    }, {
      "name" : "tppSwagger",
      "level" : "INSTANCE"
    }, {
      "name" : "tppWS",
      "level" : "INSTANCE"
    }, {
      "name" : "TPS",
      "level" : "INSTANCE"
    }, {
      "name" : "TPSddj",
      "level" : "INSTANCE"
    }, {
      "name" : "vcs",
      "level" : "INSTANCE"
    }, {
      "name" : "WISDesigner",
      "level" : "INSTANCE"
    }, {
      "name" : "WISSharedBundles",
      "level" : "INSTANCE"
    }, {
      "name" : "WISSharedLibs",
      "level" : "INSTANCE"
    }, {
      "name" : "WSIddj",
      "level" : "INSTANCE"
    }, {
      "name" : "WSSCore",
      "level" : "INSTANCE"
    }, {
      "name" : "WSSOSGi",
      "level" : "INSTANCE"
    } ]
  }, {
    "name" : "OSGI-IS_default",
    "level" : "COMPONENT",
    "children" : [ {
      "name" : "COMMON-ADMINUI",
      "level" : "INSTANCE"
    }, {
      "name" : "COMMON-CONFIGURATION-TYPE-METADATA-com.softwareag.plm.spm.spm.impl.CommonJDBCConfigurationTypeMetadata.xml",
      "level" : "INSTANCE"
    }, {
      "name" : "COMMON-CONFIGURATION-TYPE-METADATA-com.softwareag.plm.spm.spm.impl.CommonJMSConfigurationTypeMetadata.xml",
      "level" : "INSTANCE"
    }, {
      "name" : "COMMON-CONFIGURATION-TYPE-METADATA-com.softwareag.plm.spm.spm.impl.CommonJNDIConfigurationTypeMetadata.xml",
      "level" : "INSTANCE"
    }, {
      "name" : "COMMON-CONFIGURATION-TYPE-METADATA-com.softwareag.plm.spm.spm.impl.CommonKeystoresConfigurationTypeMetadata.xml",
      "level" : "INSTANCE"
    }, {
      "name" : "COMMON-CONFIGURATION-TYPE-METADATA-com.softwareag.plm.spm.spm.impl.CommonLocalUsersConfigurationTypeMetadata.xml",
      "level" : "INSTANCE"
    }, {
      "name" : "COMMON-CONFIGURATION-TYPE-METADATA-com.softwareag.plm.spm.spm.impl.CommonMessagingConfigurationTypeMetadata.xml",
      "level" : "INSTANCE"
    }, {
      "name" : "COMMON-CONFIGURATION-TYPE-METADATA-com.softwareag.plm.spm.spm.impl.CommonPortsConfigurationTypeMetadata.xml",
      "level" : "INSTANCE"
    }, {
      "name" : "COMMON-CONFIGURATION-TYPE-METADATA-com.softwareag.plm.spm.spm.impl.CommonSMTPConfigurationTypeMetadata.xml",
      "level" : "INSTANCE"
    }, {
      "name" : "COMMON-CONFIGURATION-TYPE-METADATA-com.softwareag.plm.spm.spm.impl.CommonSysPropsConfigurationTypeMetadata.xml",
      "level" : "INSTANCE"
    }, {
      "name" : "COMMON-CONFIGURATION-TYPE-METADATA-com.softwareag.plm.spm.spm.impl.CommonTruststoresConfigurationTypeMetadata.xml",
      "level" : "INSTANCE"
    }, {
      "name" : "COMMON-CONFIGURATION-TYPE-METADATA-com.softwareag.plm.spm.spm.impl.CommonVarsConfigurationTypeMetadata.xml",
      "level" : "INSTANCE"
    }, {
      "name" : "COMMON-JAVASYSPROPS",
      "level" : "INSTANCE"
    }, {
      "name" : "COMMON-JSW",
      "level" : "INSTANCE"
    }, {
      "name" : "COMMON-JVM-OPTIONS",
      "level" : "INSTANCE"
    }, {
      "name" : "COMMON-LOG-log_config.xml",
      "level" : "INSTANCE"
    }, {
      "name" : "COMMON-MEMORY",
      "level" : "INSTANCE"
    }, {
      "name" : "COMMON-PORTS-defaultJmx",
      "level" : "INSTANCE"
    }, {
      "name" : "COMMON-PORTS-diagnostics",
      "level" : "INSTANCE"
    }, {
      "name" : "COMMON-PORTS-ssh",
      "level" : "INSTANCE"
    }, {
      "name" : "COMMON-SYSPROPS",
      "level" : "INSTANCE"
    }, {
      "name" : "SAG-INSTALL-DIR",
      "level" : "INSTANCE"
    } ]
  }, {
    "name" : "OSGI-SPM",
    "level" : "COMPONENT",
    "children" : [ {
      "name" : "COMMON-CONFIGURATION-TYPE-METADATA-com.softwareag.plm.spm.spm.impl.CommonJDBCConfigurationTypeMetadata.xml",
      "level" : "INSTANCE"
    }, {
      "name" : "COMMON-CONFIGURATION-TYPE-METADATA-com.softwareag.plm.spm.spm.impl.CommonJMSConfigurationTypeMetadata.xml",
      "level" : "INSTANCE"
    }, {
      "name" : "COMMON-CONFIGURATION-TYPE-METADATA-com.softwareag.plm.spm.spm.impl.CommonJNDIConfigurationTypeMetadata.xml",
      "level" : "INSTANCE"
    }, {
      "name" : "COMMON-CONFIGURATION-TYPE-METADATA-com.softwareag.plm.spm.spm.impl.CommonKeystoresConfigurationTypeMetadata.xml",
      "level" : "INSTANCE"
    }, {
      "name" : "COMMON-CONFIGURATION-TYPE-METADATA-com.softwareag.plm.spm.spm.impl.CommonLocalUsersConfigurationTypeMetadata.xml",
      "level" : "INSTANCE"
    }, {
      "name" : "COMMON-CONFIGURATION-TYPE-METADATA-com.softwareag.plm.spm.spm.impl.CommonMessagingConfigurationTypeMetadata.xml",
      "level" : "INSTANCE"
    }, {
      "name" : "COMMON-CONFIGURATION-TYPE-METADATA-com.softwareag.plm.spm.spm.impl.CommonPortsConfigurationTypeMetadata.xml",
      "level" : "INSTANCE"
    }, {
      "name" : "COMMON-CONFIGURATION-TYPE-METADATA-com.softwareag.plm.spm.spm.impl.CommonSMTPConfigurationTypeMetadata.xml",
      "level" : "INSTANCE"
    }, {
      "name" : "COMMON-CONFIGURATION-TYPE-METADATA-com.softwareag.plm.spm.spm.impl.CommonSysPropsConfigurationTypeMetadata.xml",
      "level" : "INSTANCE"
    }, {
      "name" : "COMMON-CONFIGURATION-TYPE-METADATA-com.softwareag.plm.spm.spm.impl.CommonTruststoresConfigurationTypeMetadata.xml",
      "level" : "INSTANCE"
    }, {
      "name" : "COMMON-CONFIGURATION-TYPE-METADATA-com.softwareag.plm.spm.spm.impl.CommonVarsConfigurationTypeMetadata.xml",
      "level" : "INSTANCE"
    }, {
      "name" : "COMMON-JAVASYSPROPS",
      "level" : "INSTANCE"
    }, {
      "name" : "COMMON-JSW",
      "level" : "INSTANCE"
    }, {
      "name" : "COMMON-JVM-OPTIONS",
      "level" : "INSTANCE"
    }, {
      "name" : "COMMON-LOCAL-USERS-Administrator",
      "level" : "INSTANCE"
    }, {
      "name" : "COMMON-LOG-log_config.xml",
      "level" : "INSTANCE"
    }, {
      "name" : "COMMON-MEMORY",
      "level" : "INSTANCE"
    }, {
      "name" : "COMMON-PORTS-defaultHttp",
      "level" : "INSTANCE"
    }, {
      "name" : "COMMON-PORTS-defaultHttps",
      "level" : "INSTANCE"
    }, {
      "name" : "COMMON-PORTS-defaultJmx",
      "level" : "INSTANCE"
    }, {
      "name" : "COMMON-PORTS-diagnostics",
      "level" : "INSTANCE"
    }, {
      "name" : "COMMON-PORTS-ssh",
      "level" : "INSTANCE"
    }, {
      "name" : "COMMON-SYSPROPS",
      "level" : "INSTANCE"
    }, {
      "name" : "SAG-INSTALL-DIR",
      "level" : "INSTANCE"
    } ]
  }, {
    "name" : "OSGI-SPM-EDA-DEPLOYER",
    "level" : "COMPONENT",
    "children" : [ {
      "name" : "COMMON-CONFIGURATION-TYPE-METADATA-com.softwareag.plm.spm.spm.impl.CommonJDBCConfigurationTypeMetadata.xml",
      "level" : "INSTANCE"
    }, {
      "name" : "COMMON-CONFIGURATION-TYPE-METADATA-com.softwareag.plm.spm.spm.impl.CommonJMSConfigurationTypeMetadata.xml",
      "level" : "INSTANCE"
    }, {
      "name" : "COMMON-CONFIGURATION-TYPE-METADATA-com.softwareag.plm.spm.spm.impl.CommonJNDIConfigurationTypeMetadata.xml",
      "level" : "INSTANCE"
    }, {
      "name" : "COMMON-CONFIGURATION-TYPE-METADATA-com.softwareag.plm.spm.spm.impl.CommonKeystoresConfigurationTypeMetadata.xml",
      "level" : "INSTANCE"
    }, {
      "name" : "COMMON-CONFIGURATION-TYPE-METADATA-com.softwareag.plm.spm.spm.impl.CommonLocalUsersConfigurationTypeMetadata.xml",
      "level" : "INSTANCE"
    }, {
      "name" : "COMMON-CONFIGURATION-TYPE-METADATA-com.softwareag.plm.spm.spm.impl.CommonMessagingConfigurationTypeMetadata.xml",
      "level" : "INSTANCE"
    }, {
      "name" : "COMMON-CONFIGURATION-TYPE-METADATA-com.softwareag.plm.spm.spm.impl.CommonPortsConfigurationTypeMetadata.xml",
      "level" : "INSTANCE"
    }, {
      "name" : "COMMON-CONFIGURATION-TYPE-METADATA-com.softwareag.plm.spm.spm.impl.CommonSMTPConfigurationTypeMetadata.xml",
      "level" : "INSTANCE"
    }, {
      "name" : "COMMON-CONFIGURATION-TYPE-METADATA-com.softwareag.plm.spm.spm.impl.CommonSysPropsConfigurationTypeMetadata.xml",
      "level" : "INSTANCE"
    }, {
      "name" : "COMMON-CONFIGURATION-TYPE-METADATA-com.softwareag.plm.spm.spm.impl.CommonTruststoresConfigurationTypeMetadata.xml",
      "level" : "INSTANCE"
    }, {
      "name" : "COMMON-CONFIGURATION-TYPE-METADATA-com.softwareag.plm.spm.spm.impl.CommonVarsConfigurationTypeMetadata.xml",
      "level" : "INSTANCE"
    } ]
  }, {
    "name" : "OSGI-SPM-ENGINE",
    "level" : "COMPONENT",
    "children" : [ {
      "name" : "com.softwareag.platform.management.common.inventory.InventoryService.pid",
      "level" : "INSTANCE"
    }, {
      "name" : "com.softwareag.platform.management.common.monitoring.BasicMonitoringService",
      "level" : "INSTANCE"
    }, {
      "name" : "COMMON-CONFIGURATION-TYPE-METADATA-com.softwareag.plm.spm.spm.impl.CommonJDBCConfigurationTypeMetadata.xml",
      "level" : "INSTANCE"
    }, {
      "name" : "COMMON-CONFIGURATION-TYPE-METADATA-com.softwareag.plm.spm.spm.impl.CommonJMSConfigurationTypeMetadata.xml",
      "level" : "INSTANCE"
    }, {
      "name" : "COMMON-CONFIGURATION-TYPE-METADATA-com.softwareag.plm.spm.spm.impl.CommonJNDIConfigurationTypeMetadata.xml",
      "level" : "INSTANCE"
    }, {
      "name" : "COMMON-CONFIGURATION-TYPE-METADATA-com.softwareag.plm.spm.spm.impl.CommonKeystoresConfigurationTypeMetadata.xml",
      "level" : "INSTANCE"
    }, {
      "name" : "COMMON-CONFIGURATION-TYPE-METADATA-com.softwareag.plm.spm.spm.impl.CommonLocalUsersConfigurationTypeMetadata.xml",
      "level" : "INSTANCE"
    }, {
      "name" : "COMMON-CONFIGURATION-TYPE-METADATA-com.softwareag.plm.spm.spm.impl.CommonMessagingConfigurationTypeMetadata.xml",
      "level" : "INSTANCE"
    }, {
      "name" : "COMMON-CONFIGURATION-TYPE-METADATA-com.softwareag.plm.spm.spm.impl.CommonPortsConfigurationTypeMetadata.xml",
      "level" : "INSTANCE"
    }, {
      "name" : "COMMON-CONFIGURATION-TYPE-METADATA-com.softwareag.plm.spm.spm.impl.CommonSMTPConfigurationTypeMetadata.xml",
      "level" : "INSTANCE"
    }, {
      "name" : "COMMON-CONFIGURATION-TYPE-METADATA-com.softwareag.plm.spm.spm.impl.CommonSysPropsConfigurationTypeMetadata.xml",
      "level" : "INSTANCE"
    }, {
      "name" : "COMMON-CONFIGURATION-TYPE-METADATA-com.softwareag.plm.spm.spm.impl.CommonTruststoresConfigurationTypeMetadata.xml",
      "level" : "INSTANCE"
    }, {
      "name" : "COMMON-CONFIGURATION-TYPE-METADATA-com.softwareag.plm.spm.spm.impl.CommonVarsConfigurationTypeMetadata.xml",
      "level" : "INSTANCE"
    }, {
      "name" : "COMMON-JAAS-jaas.config",
      "level" : "INSTANCE"
    }, {
      "name" : "COMMON-JAAS-REALMS-Default",
      "level" : "INSTANCE"
    }, {
      "name" : "COMMON-LOG-log_config.xml",
      "level" : "INSTANCE"
    }, {
      "name" : "REPOSITORY-MCHHANSSON04-8092-fix-MIRROR_REPO_FIXES_103-repository",
      "level" : "INSTANCE"
    }, {
      "name" : "REPOSITORY-MCHHANSSON04-8093-MIRROR_REPO_PRODUCTS_103-repository",
      "level" : "INSTANCE"
    }, {
      "name" : "SIN-INTERNAL-GROUPS-groups.txt",
      "level" : "INSTANCE"
    }, {
      "name" : "SIN-INTERNAL-ROLES-roles.txt",
      "level" : "INSTANCE"
    }, {
      "name" : "SPM-NODEID",
      "level" : "INSTANCE"
    } ]
  } ],
  "environment" : "PreProduction"
}