{
  "name" : "DBP",
  "level" : "DBP",
  "children" : [ {
    "name" : "OrganisationX",
    "level" : "ORG",
    "children" : [ {
      "name" : "DepartmentY",
      "level" : "DEP",
      "children" : [ {
        "name" : "Admin",
        "level" : "ENV",
        "children" : [ {
          "name" : "Management",
          "level" : "LAYER",
          "children" : [ {
            "name" : "cce_admin_server",
            "level" : "SERVER",
            "children" : [ {
              "name" : "ORGX_ADM_V103_CCE_01",
              "level" : "NODE",
              "url" : "node=ORGX_ADM_V103_CCE_01",
              "hasBaseline" : false,
              "hasRuntime" : true
            } ]
          } ]
        }, {
          "name" : "Governance",
          "level" : "LAYER",
          "children" : [ {
            "name" : "central_opencm_server",
            "level" : "SERVER",
            "children" : [ {
              "name" : "ORGX_ADM_V103_IS_01",
              "level" : "NODE",
              "url" : "node=ORGX_ADM_V103_IS_01",
              "hasBaseline" : false,
              "hasRuntime" : true
            } ]
          } ]
        } ]
      }, {
        "name" : "Test",
        "level" : "ENV",
        "children" : [ {
          "name" : "ESB",
          "level" : "LAYER",
          "children" : [ {
            "name" : "server_03",
            "level" : "SERVER",
            "children" : [ {
              "name" : "ORGX_TEST_ESB_V103_IS_01",
              "level" : "NODE",
              "url" : "node=ORGX_TEST_ESB_V103_IS_01",
              "hasBaseline" : true,
              "hasRuntime" : true
            } ]
          }, {
            "name" : "server_04",
            "level" : "SERVER",
            "children" : [ {
              "name" : "ORGX_TEST_ESB_V103_IS_02",
              "level" : "NODE",
              "url" : "node=ORGX_TEST_ESB_V103_IS_02",
              "hasBaseline" : true,
              "hasRuntime" : true
            } ]
          } ]
        } ]
      }, {
        "name" : "PreProduction",
        "level" : "ENV",
        "children" : [ {
          "name" : "ESB",
          "level" : "LAYER",
          "children" : [ {
            "name" : "server_05",
            "level" : "SERVER",
            "children" : [ {
              "name" : "ORGX_PREP_ESB_V103_IS_01",
              "level" : "NODE",
              "url" : "node=ORGX_PREP_ESB_V103_IS_01",
              "hasBaseline" : false,
              "hasRuntime" : true
            } ]
          }, {
            "name" : "server_06",
            "level" : "SERVER",
            "children" : [ {
              "name" : "ORGX_PREP_ESB_V103_IS_02",
              "level" : "NODE",
              "url" : "node=ORGX_PREP_ESB_V103_IS_02",
              "hasBaseline" : false,
              "hasRuntime" : true
            } ]
          } ]
        } ]
      }, {
        "name" : "N/A",
        "level" : "ENV",
        "children" : [ {
          "name" : "N/A",
          "level" : "LAYER",
          "children" : [ {
            "name" : "new",
            "level" : "SERVER",
            "children" : [ {
              "name" : "Available",
              "level" : "NODE",
              "url" : "node=Available",
              "hasBaseline" : false,
              "hasRuntime" : false
            } ]
          } ]
        } ]
      }, {
        "name" : "Production",
        "level" : "ENV",
        "children" : [ {
          "name" : "ESB",
          "level" : "LAYER",
          "children" : [ {
            "name" : "server_07",
            "level" : "SERVER",
            "children" : [ {
              "name" : "ORGX_PROD_ESB_V103_IS_01",
              "level" : "NODE",
              "url" : "node=ORGX_PROD_ESB_V103_IS_01",
              "hasBaseline" : true,
              "hasRuntime" : true
            } ]
          }, {
            "name" : "server_08",
            "level" : "SERVER",
            "children" : [ {
              "name" : "ORGX_PROD_ESB_V103_IS_02",
              "level" : "NODE",
              "url" : "node=ORGX_PROD_ESB_V103_IS_02",
              "hasBaseline" : false,
              "hasRuntime" : true
            } ]
          } ]
        } ]
      }, {
        "name" : "Development",
        "level" : "ENV",
        "children" : [ {
          "name" : "ESB",
          "level" : "LAYER",
          "children" : [ {
            "name" : "server_01",
            "level" : "SERVER",
            "children" : [ {
              "name" : "ORGX_DEV_ESB_V103_IS_01",
              "level" : "NODE",
              "url" : "node=ORGX_DEV_ESB_V103_IS_01",
              "hasBaseline" : true,
              "hasRuntime" : true
            } ]
          }, {
            "name" : "server_02",
            "level" : "SERVER",
            "children" : [ {
              "name" : "ORGX_DEV_ESB_V103_IS_02",
              "level" : "NODE",
              "url" : "node=ORGX_DEV_ESB_V103_IS_02",
              "hasBaseline" : true,
              "hasRuntime" : true
            } ]
          } ]
        } ]
      } ]
    } ]
  }, {
    "name" : "OrganisationY",
    "level" : "ORG",
    "children" : [ {
      "name" : "DepartmentA",
      "level" : "DEP",
      "children" : [ {
        "name" : "Development",
        "level" : "ENV",
        "children" : [ {
          "name" : "ESB",
          "level" : "LAYER",
          "children" : [ {
            "name" : "server01",
            "level" : "SERVER",
            "children" : [ {
              "name" : "ORGY_DEV_ESB_V103_IS_01",
              "level" : "NODE",
              "url" : "node=ORGY_DEV_ESB_V103_IS_01",
              "hasBaseline" : false,
              "hasRuntime" : true
            } ]
          } ]
        } ]
      }, {
        "name" : "Test",
        "level" : "ENV",
        "children" : [ {
          "name" : "ESB",
          "level" : "LAYER",
          "children" : [ {
            "name" : "server02",
            "level" : "SERVER",
            "children" : [ {
              "name" : "ORGY_TST_ESB_V103_IS_02",
              "level" : "NODE",
              "url" : "node=ORGY_TST_ESB_V103_IS_02",
              "hasBaseline" : false,
              "hasRuntime" : true
            } ]
          } ]
        } ]
      } ]
    }, {
      "name" : "DepartmentB",
      "level" : "DEP",
      "children" : [ {
        "name" : "PreProd",
        "level" : "ENV",
        "children" : [ {
          "name" : "ESB",
          "level" : "LAYER",
          "children" : [ {
            "name" : "server03",
            "level" : "SERVER",
            "children" : [ {
              "name" : "ORGY_PPR_ESB_V103_IS_01",
              "level" : "NODE",
              "url" : "node=ORGY_PPR_ESB_V103_IS_01",
              "hasBaseline" : false,
              "hasRuntime" : true
            } ]
          } ]
        } ]
      }, {
        "name" : "Prod",
        "level" : "ENV",
        "children" : [ {
          "name" : "ESB",
          "level" : "LAYER",
          "children" : [ {
            "name" : "server04",
            "level" : "SERVER",
            "children" : [ {
              "name" : "ORGY_PRD_ESB_V103_IS_01",
              "level" : "NODE",
              "url" : "node=ORGY_PRD_ESB_V103_IS_01",
              "hasBaseline" : false,
              "hasRuntime" : true
            } ]
          } ]
        } ]
      } ]
    } ]
  } ]
}