{"osgi.install.area":"\"%OSGI_INSTALL_AREA%\"","WM_HOME":"F:\\SoftwareAG\\DOPS_REF_V912_01\\IntegrationServer\\instances\\..\\..","com.webmethods.sc.auditing.Use80TableFormat":"true","watt.server.prepend.classes":"F:\\SoftwareAG\\DOPS_REF_V912_01\\IntegrationServer\\instances\\..\\..\\common\\lib\\wm-converters.jar","javax.xml.xpath.XPathFactory:http://java.sun.com/jaxp/xpath/dom":"com.sun.org.apache.xpath.internal.jaxp.XPathFactoryImpl","org.tanukisoftware.wrapper.WrapperStartStopApp.passthroughMode":"START","sun.lang.ClassLoader.allowArraySyntax":"true","osgi.noShutdown":"true","org.apache.xml.dtm.DTMManager":"org.apache.xml.dtm.ref.DTMManagerDefault","eclipse.ignoreApp":"true","java.io.tmpdir":"\"%OSGI_INSTALL_AREA%/workspace/temp\""}