{"appender":[{"@name":"Platform.Console","@class":"org.apache.log4j.ConsoleAppender","param":[{"@name":"target","@value":"System.Out"},{"@name":"threshold","@value":"fatal"}],"layout":{"@class":"com.webmethods.sc.logging.log4j.AlignedG8dEventLayout"}},{"@name":"Platform.RollingLogFile","@class":"org.apache.log4j.RollingFileAppender","param":[{"@name":"file","@value":"F:/SoftwareAG/DOPS_REF_V990_01/profiles/IS_default/logs/sag-osgi.log"},{"@name":"MaxFileSize","@value":"10MB"},{"@name":"MaxBackupIndex","@value":"10"}],"layout":{"@class":"com.webmethods.sc.logging.log4j.AlignedG8dEventLayout"}}],"logger":[{"@name":"com.softwareag","level":{"@value":"info"}},{"@name":"Osgi.Platform.Logger","level":{"@value":"warn"}},{"@name":"org.apache.shiro","level":{"@value":"warn"}},{"@name":"org.apache.camel","level":{"@value":"warn"}},{"@name":"org.springframework.beans","level":{"@value":"warn"}},{"@name":"org.eclipse.gemini.blueprint","level":{"@value":"warn"}},{"@name":"com.softwareag.platform","level":{"@value":"info"}}],"root":{"level":{"@value":"info"},"appender-ref":[{"@ref":"Platform.Console"},{"@ref":"Platform.RollingLogFile"}]}}