{"Enabled":"true","Name":"MWS Cluster","Servers":{"Server":{"@name":"tl-as142.tasp.tclidl.net","URL":"http://TL-AS142.tasp.tclidl.net:18285","ExtendedProperties":{"Property":[{"@name":"autodeploy","$":"true"},{"@name":"search","$":"true"},{"@name":"taskengine","$":"true"},{"@name":"notification","$":"true"}]}}},"ExtendedProperties":{"Property":[{"@name":"LoadBalancerHost","$":"TL-AS142.tasp.tclidl.net"},{"@name":"LoadBalancerHttpPort","$":"18285"},{"@name":"LoadBalancerHttpsPort","$":"18295"},{"@name":"contextPath"},{"@name":"jndiEnabled","$":"false"}]}}