{"appender":[{"@name":"StdOut","@class":"org.apache.log4j.ConsoleAppender","param":{"@name":"target","@value":"System.Out"},"layout":{"@class":"com.webmethods.sc.logging.log4j.AlignedG8dEventLayout"}},{"@name":"OsgiPlatform","@class":"org.apache.log4j.RollingFileAppender","param":[{"@name":"file","@value":"F:/SoftwareAG/DOPS_REF_V912_01/profiles/SPM/logs/osgi-platform.log"},{"@name":"MaxFileSize","@value":"10MB"},{"@name":"MaxBackupIndex","@value":"10"}],"layout":{"@class":"com.webmethods.sc.logging.log4j.AlignedG8dEventLayout"}},{"@name":"SUM","@class":"org.apache.log4j.RollingFileAppender","param":[{"@name":"file","@value":"F:/SoftwareAG/DOPS_REF_V912_01/profiles/SPM/logs/sum-provisioning.log"},{"@name":"MaxFileSize","@value":"10MB"},{"@name":"MaxBackupIndex","@value":"10"}],"layout":{"@class":"com.webmethods.sc.logging.log4j.AlignedG8dEventLayout"}},{"@name":"SD","@class":"org.apache.log4j.RollingFileAppender","param":[{"@name":"file","@value":"F:/SoftwareAG/DOPS_REF_V912_01/profiles/SPM/logs/sd-provisioning.log"},{"@name":"MaxFileSize","@value":"10MB"},{"@name":"MaxBackupIndex","@value":"10"}],"layout":{"@class":"com.webmethods.sc.logging.log4j.AlignedG8dEventLayout"}},{"@name":"Default","@class":"org.apache.log4j.RollingFileAppender","param":[{"@name":"file","@value":"F:/SoftwareAG/DOPS_REF_V912_01/profiles/SPM/logs/default.log"},{"@name":"MaxFileSize","@value":"10MB"},{"@name":"MaxBackupIndex","@value":"10"}],"layout":{"@class":"com.webmethods.sc.logging.log4j.AlignedG8dEventLayout"}},{"@name":"Error","@class":"org.apache.log4j.RollingFileAppender","param":[{"@name":"file","@value":"F:/SoftwareAG/DOPS_REF_V912_01/profiles/SPM/logs/error.log"},{"@name":"MaxFileSize","@value":"10MB"},{"@name":"MaxBackupIndex","@value":"10"},{"@name":"Threshold","@value":"WARN"}],"layout":{"@class":"com.webmethods.sc.logging.log4j.AlignedG8dEventLayout"}},{"@name":"Templates","@class":"org.apache.log4j.RollingFileAppender","param":[{"@name":"file","@value":"F:/SoftwareAG/DOPS_REF_V912_01/profiles/SPM/logs/templates.log"},{"@name":"MaxFileSize","@value":"10MB"},{"@name":"MaxBackupIndex","@value":"10"}],"layout":{"@class":"com.webmethods.sc.logging.log4j.AlignedG8dEventLayout"}},{"@name":"Monitoring","@class":"org.apache.log4j.RollingFileAppender","param":[{"@name":"file","@value":"F:/SoftwareAG/DOPS_REF_V912_01/profiles/SPM/logs/monitoring.log"},{"@name":"MaxFileSize","@value":"10MB"},{"@name":"MaxBackupIndex","@value":"10"}],"layout":{"@class":"com.webmethods.sc.logging.log4j.AlignedG8dEventLayout"}},{"@name":"InstanceManagement","@class":"org.apache.log4j.RollingFileAppender","param":[{"@name":"file","@value":"F:/SoftwareAG/DOPS_REF_V912_01/profiles/SPM/logs/instances.log"},{"@name":"MaxFileSize","@value":"10MB"},{"@name":"MaxBackupIndex","@value":"10"}],"layout":{"@class":"com.webmethods.sc.logging.log4j.AlignedG8dEventLayout"}},{"@name":"Jersey","@class":"org.apache.log4j.RollingFileAppender","param":[{"@name":"file","@value":"F:/SoftwareAG/DOPS_REF_V912_01/profiles/SPM/logs/rest-api.log"},{"@name":"MaxFileSize","@value":"10MB"},{"@name":"MaxBackupIndex","@value":"10"}],"layout":{"@class":"com.webmethods.sc.logging.log4j.AlignedG8dEventLayout"}}],"logger":[{"@name":"com.softwareag.fixinstall.spm","@additivity":"false","level":{"@value":"DEBUG"},"appender-ref":{"@ref":"SUM"}},{"@name":"com.softwareag.plm.sd","@additivity":"false","level":{"@value":"DEBUG"},"appender-ref":{"@ref":"SD"}},{"@name":"com.softwareag.platform.management.template","@additivity":"false","level":{"@value":"INFO"},"appender-ref":{"@ref":"Templates"}},{"@name":"com.softwareag.platform.management.monitoring","@additivity":"false","level":{"@value":"INFO"},"appender-ref":{"@ref":"Monitoring"}},{"@name":"com.softwareag.platform.management.instance","@additivity":"false","level":{"@value":"INFO"},"appender-ref":{"@ref":"InstanceManagement"}},{"@name":"com.softwareag.platform.management","level":{"@value":"INFO"}},{"@name":"com.softwareag","level":{"@value":"WARN"}},{"@name":"Osgi.Platform.Logger","@additivity":"false","level":{"@value":"WARN"},"appender-ref":{"@ref":"OsgiPlatform"}},{"@name":"org","level":{"@value":"WARN"}},{"@name":"com.softwareag.platform.management.remote.core.jersey.spi.CCApplication","@additivity":"false","level":{"@value":"INFO"},"appender-ref":{"@ref":"Jersey"}}],"root":{"level":{"@value":"INFO"},"appender-ref":[{"@ref":"StdOut"},{"@ref":"Default"},{"@ref":"Error"}]}}