{"ActiveDelay":"1000","EnableStoreReadBuffering":"true","MaintenanceMemoryThreshold":"104857600","IdleDelay":"10000","AutoMaintainOnFileLimit":"true","EnableStoreCaching":"false","StoreReadBufferSize":"16384","ThreadPoolSize":"4","SyncTimeLimit":"20","QueueDeliveryPersistencePolicy":"1","AutoMaintenanceThreshold":"50","EnableBufferingKey":"true","JMSEngineAutoPurgeTime":"5000","AutoDeleteScan":"5000","SyncBatchSize":"50","SyncServerFiles":"false","MaintenanceFileSizeThreshold":"104857600","CacheAge":"60000","AutoMaintainSystemStores":"true","PageSize":"5000"}