{"appender":[{"@name":"Platform.Console","@class":"org.apache.log4j.ConsoleAppender","param":[{"@name":"target","@value":"System.Out"},{"@name":"threshold","@value":"fatal"}],"layout":{"@class":"org.apache.log4j.EnhancedPatternLayout","param":{"@name":"ConversionPattern","@value":"%d{ISO8601} %-5p [%-60.60c{3.1.}] - %m%n"}}},{"@name":"Platform.RollingLogFile","@class":"org.apache.log4j.RollingFileAppender","param":[{"@name":"file","@value":"F:/SoftwareAG/DOPS_REF_V912_01/profiles/IS_default/logs/sag-osgi.log"},{"@name":"MaxFileSize","@value":"10MB"},{"@name":"MaxBackupIndex","@value":"10"}],"layout":{"@class":"org.apache.log4j.EnhancedPatternLayout","param":{"@name":"ConversionPattern","@value":"%d{ISO8601} %-5p [%-60.60c{3.1.}] - %m%n"}}}],"logger":[{"@name":"com.softwareag","level":{"@value":"info"}},{"@name":"OSGi","level":{"@value":"warn"}},{"@name":"org.apache.shiro","level":{"@value":"warn"}},{"@name":"org.apache.camel","level":{"@value":"warn"}},{"@name":"org.springframework.beans","level":{"@value":"warn"}},{"@name":"org.eclipse.gemini.blueprint","level":{"@value":"warn"}},{"@name":"com.softwareag.platform","level":{"@value":"info"}}],"root":{"level":{"@value":"info"},"appender-ref":[{"@ref":"Platform.Console"},{"@ref":"Platform.RollingLogFile"}]}}