{"id":"COMMON-LICLOC-brmspackage","configurationTypeId":"COMMON-LICLOC","displayName":"License file","description":"License file for WmBusinessRules: F:\\SoftwareAG\\DOPS_REF_V990_01\\IntegrationServer\\instances\\default\\packages\\WmBusinessRules\\config\\licenseKey.xml","url":"file:/F:/SoftwareAG/DOPS_REF_V990_01/IntegrationServer/instances/default/packages/WmBusinessRules/config/licenseKey.xml","runtimeComponentId":"OSGI-IS_default-WmBusinessRules","encoding":"US-ASCII","attributes":{"entry":[{"key":"Status","value":"Not present"},{"key":"ExpirationDate","value":"Never"},{"key":"Module","value":"WmBusinessRules"}]}}